date,floral,striped,plaid,solid,animal print,geometric,tie-dye,leopard
2021-01-03,38.472150284048276,55.57214651977351,46.40355709260072,66.74569382473743,37.37099352426893,42.65339941069149,42.76116976318174,40.0293958998092
2021-01-10,38.59614662075064,55.54262726827889,51.03202125998656,64.65579090217064,38.966312932583996,44.37719499084976,42.78176429018443,44.24679804445405
2021-01-17,41.356815066472144,53.20598310830513,48.52287004182116,60.171599702629116,41.04435232183965,47.5683476663445,46.22049858621429,45.290955775488065
2021-01-24,39.50305376149157,52.17772594418422,44.073587442303946,60.53251044361166,32.461912164526396,42.32217148110181,46.673485200402496,44.44470736622047
2021-01-31,43.91646119424527,54.210305358015134,40.365941932239416,63.9555578366005,44.05740125604501,41.88262948358264,49.50082570327512,46.72096108722761
2021-02-07,40.019443418679764,55.783138621821585,46.54751906461145,61.208339264021305,36.98225142381633,41.5576153306226,52.85353806598928,46.811223802265566
2021-02-14,45.09788305338617,55.00822879305226,41.11468560407966,63.595308051385935,38.95869466920931,47.52289593558776,50.53338723681154,42.99323273728457
2021-02-21,47.80578632530753,52.05087974518735,39.11134097653422,63.42103321921828,42.46183874292684,45.10068377847171,46.66125548235725,49.92039578577519
2021-02-28,52.42416451718025,53.669463461247986,42.98290928873152,61.71297561164776,41.08402759254064,37.17798093411257,41.951619999365036,45.81706122051127
2021-03-07,54.26994969791058,54.704576544606915,35.68792183942811,65.94676757482226,43.53397500896168,36.8229180198769,48.384251221369816,51.47796805033928
2021-03-14,49.32592576697857,50.07828444168521,35.212571828699836,63.089827098043656,42.267311673825624,39.874745690974024,46.86579541449258,47.636912672813985
2021-03-21,59.62557220169791,52.009335171299064,34.51149657246475,63.896601305758495,40.568924096341846,42.70799007301863,50.093721054714145,52.12789684722799
2021-03-28,54.90724941519201,53.995860281779535,30.385185003363464,62.85842617369348,47.78068358206144,41.5152028735479,54.73134262165799,49.498543661838596
2021-04-04,56.115941292391305,48.182819090688824,34.52236743734128,60.24699959712156,44.35235958415303,42.709659389186825,54.81062519538986,46.33447207978453
2021-04-11,51.33239185982532,52.45105258209902,30.648405509432543,59.681105497321305,42.50120545446173,40.147285533669006,62.569165679551425,43.09174388916774
2021-04-18,54.96002275524798,52.785691503368156,30.71267237621248,58.997613205321166,43.757982558799405,44.3402807493495,57.67418885662338,42.69903352513629
2021-04-25,60.44077326921821,48.519010628220435,29.937275387534484,60.48494184785025,37.78974651819662,41.91291245775984,63.916252469192024,45.8874913353345
2021-05-02,58.101841925450394,47.71095832675476,30.056700649107626,57.36585009708613,48.8678229167115,39.26041322262367,59.601460658134165,44.15271728363537
2021-05-09,58.04344426868561,49.92257297782027,29.21325660795255,61.68117319589406,35.317839676054376,41.88601829160232,61.46105019841895,41.35055061428196
2021-05-16,58.35402316723714,46.97741551628518,32.52955379187938,56.33100240573059,39.57101366543622,32.92559792577772,55.96956398863086,44.980073828555476
2021-05-23,53.12168919845407,42.178133307405844,31.52380254828234,57.87645951163088,37.381924207784245,37.04819754056654,53.298667388260355,41.93953407260004
2021-05-30,56.77036980426901,46.26985706976534,32.4788619877702,56.65279538322369,36.608236484017155,37.16451248317128,55.893329799192,43.67202944590218
2021-06-06,60.73046436501245,47.04588860692085,39.876803972854844,55.91647790765232,35.446193056272904,38.03249363963868,57.632900090443314,37.5603697183634
2021-06-13,59.0559310185562,47.28288757889889,32.958477797765845,60.91786960231439,33.523159996005994,30.58917825785836,55.05700610862778,42.827521018299166
2021-06-20,54.56653375121269,43.803660457069086,35.96973538499809,55.50182634643342,40.71014873770054,34.50316598817258,53.35322498302075,40.69535738578663
2021-06-27,58.648483321131216,44.855688673924526,37.15002221559999,55.63179036831094,30.49529483594312,36.083828648197716,58.71455755579682,42.1793699611231
2021-07-04,49.079490751900124,47.25027015781433,35.74078265959562,54.830897306696,38.62662627248007,35.96656704972373,52.620191901290895,40.95390302176208
2021-07-11,48.741600968743676,45.150002757173326,37.769165674197424,56.21708123137785,36.695811906621316,37.80610939609655,50.0129758177495,37.251403848431494
2021-07-18,55.96615265222789,42.258979641587906,38.09604570036192,55.96655176892239,32.02804699289568,36.30943478379316,51.0812946604444,36.55281188904345
2021-07-25,50.765752307495596,47.91056693211049,39.779518544258856,54.022726468887186,35.181693185730644,33.68775276475362,53.98090006163554,42.006189782410885
2021-08-01,46.77985266982038,45.19669674181843,38.58508282940236,55.56119530056303,31.977339440187098,35.81137687635599,50.239291585268056,35.46555843793487
2021-08-08,46.07416657325359,48.06515742609672,40.05236607126052,57.83254898295508,27.828071450600653,33.1709090933361,52.5227433735989,38.34020364040104
2021-08-15,42.41386508764069,43.414167278798615,42.776133562402464,58.922038235269284,27.56552922739712,34.276777487798284,55.02963616396007,34.79018811887446
2021-08-22,44.2783091696496,46.34547276396632,37.982445711322605,57.21895823324655,34.32166860976628,36.35469796331183,54.093832432104286,30.273097514998724
2021-08-29,42.69741508135431,48.0438587561505,49.52426723972133,57.63549894834324,33.96863039018378,34.0390164070088,48.313035202360396,32.18798270658214
2021-09-05,40.88377737101071,47.335386543342246,52.60480577443508,57.180750869544816,32.46179241268855,35.53368891032947,44.911503975172,37.186509409997626
2021-09-12,36.14520482366834,45.67037173513917,47.651698247085704,57.31622390790916,29.953933842637976,37.66900697848275,47.02701927376319,38.257744194259
2021-09-19,39.31872830259164,43.823368951100285,50.07263411416097,56.92743439206526,30.872020620887593,37.31894084136165,51.20850086738182,37.652542771547985
2021-09-26,35.95229169188533,52.229951937568934,52.1582804918625,56.119438434371865,30.532136466787577,39.334802276440136,51.47837613338889,40.21511235026125
2021-10-03,33.73073674368297,50.28339300252603,45.67082944020176,58.307959930765634,25.132126003180044,43.12002116020295,48.77534128069174,38.38087727034045
2021-10-10,39.78146441933163,52.73360210558228,53.03939409238537,62.00810573468103,32.73227684710585,38.78516745985198,51.747398985565816,35.383231391971144
2021-10-17,41.93892826971087,52.87002159999751,49.45584304355147,59.83831283562694,35.021916249476064,35.86809791057305,53.60256943365151,40.05917059497653
2021-10-24,40.871194625723895,52.81027197367694,57.95159086371105,60.47522528976215,33.71937070608622,39.38889082202161,44.69429831183101,39.41043540240296
2021-10-31,36.77915712684356,51.56034972491854,50.71731003098446,60.90244914874085,41.10786073863204,39.87877184819464,52.74273599336041,37.84998695288877
2021-11-07,33.99392097634892,53.74314971149709,54.06454666951498,64.56830801984054,30.653362940293146,40.94053208053115,46.17966823435894,41.709928582145366
2021-11-14,34.720176585373146,56.155397626397225,50.71684994990014,60.64049384586195,32.717246100162505,44.21273214298873,52.00692980705494,41.277216512326994
2021-11-21,36.46727928943894,53.94163514775149,57.609496443251864,63.43659730974316,36.624446660479464,35.294243794485766,51.7656521576053,39.99177826580602
2021-11-28,34.485418630544125,58.01595582965388,49.108111775737434,63.092110725544075,37.82917325504438,45.48953840920188,42.334359261093425,42.05140267931106
2021-12-05,40.37047833042878,51.596075556534565,53.629826618514265,63.667789113764165,30.03194541836297,47.07486646439318,47.99466548104333,47.60392148815836
2021-12-12,31.14078514657799,51.703462905741155,51.3748723062924,64.27552491684574,40.84079199950241,43.76953572346642,48.882630041443115,48.273557433934286
2021-12-19,37.352874290749334,57.151231642465866,49.948037366703495,64.1043948512778,40.21648743975434,44.342018534873375,48.81022000466251,45.44206174006684
2021-12-26,41.784158298693775,53.727223214088504,48.55324878554227,65.72481104300604,31.52832221039298,42.292619319077005,61.84502596584507,45.765140505924464
2022-01-02,38.124565992274064,59.57021821134783,44.89960991422097,64.17232084046636,40.30079224671553,43.43389129891839,69.1528150322868,41.96925051859541
2022-01-09,41.345303459019625,58.20468274246589,38.09406278913546,67.7537527868514,38.26417294450793,45.846136605710505,62.48664545565864,52.05183128954362
2022-01-16,45.36662069891116,58.67868738400635,47.95922519581019,64.32979537432591,40.375095423131775,45.925738391738044,69.58223948393803,50.57009015113051
2022-01-23,49.76175802213084,57.17358169823276,42.101639311842725,60.75183350450367,37.47633281073332,46.39183827714042,74.67396953503734,50.21875790747492
2022-01-30,43.03444024712006,53.39191396608649,45.874167233599316,65.29668568702913,45.0758192037209,46.243550085300114,71.97178065115082,41.56854400264734
2022-02-06,44.59588361152816,51.67859692799567,42.200093303746996,64.6110177131324,50.975008717642844,47.12016992242711,73.18876030681929,48.86786540807988
2022-02-13,47.70678194873208,57.68550866784632,43.525403540507135,63.64702552709847,45.43283045060039,46.773490380447214,74.1320111140242,48.63426477959905
2022-02-20,47.82419092601591,51.333417328831395,41.12752091745285,62.76990036144212,36.10256104905791,41.256663091349864,78.70156402661429,51.24969955949012
2022-02-27,49.96282894300827,57.085384666659024,30.159865588137045,58.72325250004361,46.16803505388751,46.67188534395072,81.05501943834307,47.94690755936261
2022-03-06,53.38818360298421,54.789553254114495,38.2824551283063,58.683570862393275,44.44769807579219,49.52803997751474,79.95375777196404,48.616122595227765
2022-03-13,61.95523158718412,52.79111055257864,34.358326075844985,65.46393112917004,40.93594986098359,43.58503907360207,79.91060609934505,51.09388972142042
2022-03-20,59.25616297580054,53.28711980388331,37.91880697939658,60.56241434197137,46.78074857015243,47.81599358480294,77.65347281596691,46.75436235484646
2022-03-27,62.19700030558692,52.76716019233599,35.32851500369939,63.20850351225465,48.82470981706574,40.16372739146921,70.74532318654451,47.110608103691305
2022-04-03,61.102462967628334,50.84786262410246,34.604068454960256,57.60108017454037,42.486123528539935,42.37603587482448,79.6212546312927,49.09288311464483
2022-04-10,67.67230551006026,53.51137446983862,31.33871135634315,58.236283409263464,38.357804910671696,40.050141404789265,69.52314080832892,52.13652159907533
2022-04-17,73.11863415993808,52.85011831992246,28.907018996822476,61.210135172742135,36.58121423719046,45.58568819248408,75.5576237117393,50.08914516111482
2022-04-24,66.4434572761938,49.79474028220409,29.9719209488279,59.177735271452505,41.588324114685314,45.81800798466435,74.37844162854853,50.37460068718443
2022-05-01,75.76824013519504,47.71698679138671,25.638234474426618,60.00191479580862,43.18672207240554,40.03009504101394,64.99203837435304,46.773289450908486
2022-05-08,73.02388634375619,50.98829222858975,29.178968796360067,58.46384217996532,41.24436622583702,43.263184567985554,65.30198987030028,50.462863393604145
2022-05-15,73.14263320421229,43.82455550606659,26.615433960401166,57.66739708506216,40.02521066161309,44.12419648243338,74.4277557297278,40.117346712221426
2022-05-22,75.25465404756217,48.29217192281867,26.89735941446605,56.34742171068704,44.439227430767836,38.5046651046772,63.898237791255326,50.74993773673599
2022-05-29,75.96586517396338,48.46659647556233,31.90427411482448,54.9829516954556,43.397198170309046,38.44123040017828,57.6996624737386,50.470276925540105
2022-06-05,80.86218979325369,44.9683770009757,33.63758656197978,59.88346711589037,41.70159369257271,39.72723024866212,64.25147196374878,44.71662896707873
2022-06-12,77.08640663788096,48.27029084660924,32.54978090053779,59.96779410964692,43.515951137376426,34.50706232178337,56.530910013206245,45.18589392658119
2022-06-19,77.10777741920883,46.032147063939675,31.87852102627378,54.56252911976998,36.971550507286786,36.91467949443971,50.61455512926436,41.93837108572895
2022-06-26,73.89292207566392,44.82389066897151,31.371548930875267,54.29307452628189,34.57586907404038,42.61080757775031,59.14156192965382,40.81795587851738
2022-07-03,77.0579818363022,47.742902308837074,34.19777355559431,55.7236182187636,36.2430359808353,34.335040109780834,52.23850617798679,39.04900039352006
2022-07-10,70.76638672750991,43.6186311426045,33.70109915587907,57.07587002972631,35.37644988101031,38.10919859385349,56.09325999300493,40.21922800176196
2022-07-17,72.78227061324922,47.574842302637485,37.065458903210704,56.06552808769444,28.98645369542497,36.896332124983964,50.50692309349048,41.5767359377905
2022-07-24,79.66188822264684,41.99059848523123,33.8272480348877,57.52027286079124,34.50898949236735,34.678993186760884,55.567519185629024,40.77674834612833
2022-07-31,61.81784387026011,46.71632768003531,41.66858593206395,56.57143713403561,40.668337731702294,35.751420908237904,52.47427195205021,45.15707306115445
2022-08-07,68.13939062566836,46.490407784160936,39.053906633772925,56.64391361448869,39.07551052710952,40.33285977361829,40.39735912673098,39.25572618129517
2022-08-14,66.19075552730553,45.6456891368002,43.074137503400244,61.954222009965115,37.66799927390506,36.79724706924763,51.303554268263376,34.32786341140859
2022-08-21,62.4938829527796,47.88669599492252,45.77982262976915,56.380550504124976,35.86637471683544,37.39974678265353,47.64355465961914,43.65167861908192
2022-08-28,60.276587800512715,47.38524645006044,45.23966151621836,61.05740315268591,40.989943200011815,40.277505675328186,53.503209407480874,35.0671371652207
2022-09-04,58.83164201979659,50.13906752095531,47.739612089231926,61.0564671484371,30.893075175939835,34.879488560739446,48.46168199070137,37.1505739788954
2022-09-11,55.47019395430637,49.67668611738802,40.160729678749334,59.58929432499421,31.300691512148532,32.94433594101819,48.966499346770284,39.8295785194964
2022-09-18,54.60800350474296,50.02236403053602,45.81765659129629,55.1743167789308,39.77092785016581,41.787488433915335,42.18466792846995,40.53642779067719
2022-09-25,50.28565209874877,50.28714408568263,51.444337482078254,59.554852323575695,35.58476868279852,37.34395205665131,40.98400957663845,35.30094888928909
2022-10-02,55.75286059831156,49.362983685629295,50.39252727388523,58.94346376418761,33.0751893157108,40.11547881679125,43.20080387845432,37.82768009551721
2022-10-09,47.03353158146886,50.316392900048605,55.01995005318649,60.500181382880946,38.33496235310662,35.68939658292307,41.0711461445436,36.12658812715579
2022-10-16,47.79978647486395,52.02911508171839,55.068303866755194,58.821213136245525,34.81822895788613,39.717554480525806,47.13623415012279,43.001403240522905
2022-10-23,42.607811868385724,51.78985934722351,51.19819457761243,62.93977855525033,33.738833529082456,35.86262332397665,40.51073691441641,45.31175117372172
2022-10-30,46.179971949193785,54.94593009607867,49.74615288432612,63.863389602392274,34.209856799086864,39.963536117907665,35.64191902612537,38.771146834997836
2022-11-06,44.60114937111789,53.47051623930634,47.68468386079903,64.67894129230895,39.59780896371712,38.45623044446516,36.732686124594686,46.13935053688837
2022-11-13,42.94019575153714,54.56225694930604,49.04466304437479,61.99290155415556,39.82492295426003,38.39472039653895,43.49577016561962,46.691442247248645
2022-11-20,38.144666103904115,51.49024542341285,49.014677448792426,61.02364042886963,45.799357744368585,40.737210313340015,38.654756114121234,42.68956754873356
2022-11-27,38.77208509762756,56.61901428497626,48.085414849709004,64.19240582562597,39.33374902786865,35.36785250630806,38.22839805322372,39.49726289239652
2022-12-04,46.139752314132274,53.9525721421196,46.599547013308964,67.3040841078721,40.04818212327644,39.34390854688624,43.24086207646634,43.009452023947745
2022-12-11,39.07878299223379,53.351972963672615,49.919568421502696,64.18560337183992,47.8285341221077,45.71256620243676,35.332044502168245,45.20512122499896
2022-12-18,43.79900988177202,58.98745323165222,53.04502651613771,65.15465914296585,46.80580725464237,44.90861245984715,30.142733129934655,52.36264186268279
2022-12-25,39.748621185359276,57.279952131995444,49.88599688709873,63.928920377940216,44.225487200776435,41.094992899967686,35.863435696694395,48.09843130721394
2023-01-01,46.4910680027141,57.95773580827382,45.1533872925006,63.4838950846007,38.16357843193025,46.358540037863484,40.530172273348406,46.10790455241603
2023-01-08,42.442868535450756,56.95899236581463,48.11431826323981,65.841551877209,41.89091990313022,42.417640911810395,38.941070898001115,50.197281614300586
2023-01-15,42.77612678756154,55.83724277868285,44.996001470942005,64.28870196171448,41.61200929083704,47.490972824667324,34.15870826714506,46.43502147642985
2023-01-22,44.79361279553697,55.36550107101773,42.66604359006506,65.22581309276286,46.614543057044244,45.18279186674478,45.00238047744941,52.36592334598099
2023-01-29,46.60897394184046,57.313301584340415,41.275998625611024,65.29507868529572,45.017700030864226,44.68817491931329,42.19753501411909,48.319743976103965
2023-02-05,50.872435786154014,57.78231821274264,39.76517958603521,64.78185778089065,53.979522766738306,45.45180912881764,43.762996788692014,49.10752623554076
2023-02-12,51.27677121224205,55.078551833616594,41.09783156565858,64.95764610235011,41.72698729883665,53.39212974048739,44.59620692864714,53.002127049851985
2023-02-19,49.19009375199966,58.997639470257106,38.360853603953686,61.84303152716422,43.734738588486636,43.35330452856321,38.47069341147463,57.31195429299499
2023-02-26,53.770938061014085,54.040976191782356,34.58868273684368,61.38443192026953,49.64416604412193,46.15475721222621,45.64775892400546,58.75336268070769
2023-03-05,51.75253064280459,51.18230684387584,33.327211952261266,62.75201577371011,50.95199744372985,47.596386256743166,48.84981514164682,49.0516567272497
2023-03-12,58.36922336394155,50.02057037823089,35.52706447653346,62.39177004765258,38.63145507657134,42.07768078220148,50.5649976871012,50.305831924410356
2023-03-19,60.081930417870424,49.54747369945403,34.92972706464187,60.94877389473089,42.06461260820748,39.83478022863771,49.66026295169972,53.48169431122457
2023-03-26,58.58096317599161,51.52895473629279,31.83549458533864,62.01926324997958,47.891236132497596,42.41231886231746,49.574752844352766,55.199104198845376
2023-04-02,60.392061924435524,51.30864735905105,28.619144472824708,62.883581582689374,54.22427198295193,46.043713336982385,41.283377145508844,44.880652126598775
2023-04-09,65.61648068820936,52.545199275359785,35.12833509472329,62.965023748306976,56.123779696382485,42.247605505033995,48.83671461612391,51.243074945745505
2023-04-16,60.517345043478684,50.53010052821585,33.98065140172716,62.937377024273026,46.60991323751948,42.05470664112961,45.675561209986164,49.06230701975309
2023-04-23,58.625237211518005,51.69016374783059,24.52845232281899,57.01313401673541,47.208476584258925,44.928887275314025,55.16824676500144,44.23632488329601
2023-04-30,63.49456711286443,49.52676123003299,34.27666002896005,56.86058330441301,44.10127292884115,39.20865416279204,55.02240503077091,45.4318356922855
2023-05-07,58.484993669908604,48.923426992034884,29.54307260800096,58.17181652494163,49.48121409465291,40.78373406656165,47.07607693669441,47.13430594333238
2023-05-14,61.20273146763227,47.234646518327324,30.797872499100894,58.503314095090126,52.512457395454945,35.93079347477294,50.98120096397486,48.37733904567271
2023-05-21,59.81558210093757,50.76956362959165,33.84525100589736,57.49067335932284,50.831712314670305,40.8655788607396,52.35063049601117,50.56752866232438
2023-05-28,59.11553671854623,44.44447766598851,35.732453933033014,56.5256783469505,45.06989160756539,40.04049678849256,55.052127148642654,47.9380443452462
2023-06-04,59.915717907835315,47.747701251959484,34.26403559860449,56.729228056030635,41.189093382552436,41.21299303428281,44.737527000530235,49.049398229971025
2023-06-11,62.65579970504409,46.47941894823549,32.588252837915114,58.05980354225216,43.922788219758765,34.89890787133006,42.49047286333586,45.62927902181645
2023-06-18,62.419333933111886,48.168427981581935,28.46797045937999,54.24069013567428,48.75992707126193,37.30872396647878,51.26918676534566,42.797532836933804
2023-06-25,60.89621175952089,46.39363211055804,27.355077945637827,61.44794707547,40.992038171393204,33.647035177769936,40.67944640929618,43.75541110612566
2023-07-02,58.02591376122257,46.35374304074153,37.00382934976194,56.72115159037639,34.71065545857772,36.39676061206433,51.032481818820735,45.82816356202069
2023-07-09,55.0435733614816,45.77672075538058,39.41385931679572,58.75669478845745,39.94162540989988,41.293084098057626,52.269718155586574,46.32395055853558
2023-07-16,47.46181053455611,49.142968437773725,34.03001654706048,55.529154713678764,39.71551084764142,35.66266051865098,54.26389487050881,42.32531145764185
2023-07-23,54.29478685006974,46.48010268299032,36.80250346290824,57.92993191534533,33.04607514795336,32.372531440135035,46.1715856026616,39.58975101748895
2023-07-30,44.968454300218646,50.604221209799874,37.11283553229041,57.1301171749155,40.81709077803938,34.34681783458528,48.58117981165873,43.064238324542444
2023-08-06,44.62990356973797,47.46721403498903,38.22329977953299,58.84679268516375,41.536124817367934,31.542144499748368,49.75910156294768,43.248845435414175
2023-08-13,48.50855996908157,47.288600352126366,44.39025035422912,56.990770700777865,46.64684895374922,32.54913699308807,41.619354175640325,45.352506353603054
2023-08-20,48.40194552407666,47.33679233943562,42.99327604113649,60.79408414149495,33.65041748330771,38.58325175535594,49.1166008410193,39.542458136532865
2023-08-27,44.91148763528288,49.19288050816638,42.788513936238346,55.05339767206273,41.75646996027216,32.43606907448662,45.66112606269786,39.58660823720296
2023-09-03,49.58991593350517,47.3728895205298,52.5347917819688,60.32148867347142,42.64114522151745,37.98470564279859,41.238214677176764,43.95722734803043
2023-09-10,45.169528316381246,49.36786893785923,41.277384770288876,59.07854682289102,40.87856571011102,37.462308698179434,43.32176552711513,40.65204838241641
2023-09-17,41.93430454705874,49.65324959300294,48.15995982689531,57.24992705508396,34.88666415782324,36.18786151186449,41.307452409268144,40.79584999585027
2023-09-24,45.856800947419174,50.873917077092585,44.20817262619442,63.656869082943984,34.85482841912495,38.91643664896935,44.118061591693724,46.2596834565016
2023-10-01,45.53953370010285,51.5273772512469,47.61252804295384,63.93024873211387,39.788966909336665,35.92169173830245,38.72509743510589,38.81407998579476
2023-10-08,41.67220379809364,52.24398976036783,49.14047540992012,56.572258510353095,40.1283851037864,41.7989173422623,40.29190874639735,49.59754493030034
2023-10-15,37.2540321218857,52.242492893623194,51.70894958575943,61.56071549571294,37.9749652081778,37.75695466907032,36.174414919701185,42.15835781123246
2023-10-22,37.53788690477396,55.79446530613654,48.73587248877745,63.0985877666117,45.89636500164906,39.29432101274154,34.249053408035365,47.221796728016436
2023-10-29,34.627277375418466,54.088162067577635,48.621244447590016,63.036829164805766,39.70953575784655,39.55626358253206,38.10524410638381,44.97026198196342
2023-11-05,38.79274936241876,59.01558843693749,48.94274470655948,65.62995190473194,34.37864880677596,43.768420693223305,33.33473715235326,46.8264575323649
2023-11-12,35.89736918740735,54.430026550787524,46.45223068207701,65.63252440195386,41.74806639315682,43.96101514180331,39.71720746699739,45.97074651499577
2023-11-19,38.361473883755764,56.73343987611432,51.35634758053558,63.932865345597534,45.297200917611946,35.08147482366639,38.57233740672613,50.09650987457796
2023-11-26,40.60160599716678,53.80045532410614,49.92916553919987,68.30325021750767,45.50722042128367,44.310753244047206,32.93058005593807,47.26302837796003
2023-12-03,34.50340176626036,58.436497840090894,49.88006627047725,65.92562850898977,46.2610504448417,38.88983736474209,36.73512172749273,47.36438066602837
2023-12-10,37.45296980376601,54.54871225471711,47.72620965133733,63.60399511225699,51.69622022387051,43.64135859708829,32.79223827997756,55.29091946338886
2023-12-17,40.657326857466515,57.12683724933926,46.59647360204073,63.405369781084964,42.058234150775945,44.841091225963865,29.54615605481093,50.685777413386155
2023-12-24,43.08494599495315,55.87585468400201,49.833027597100504,67.14545027565143,45.61050477107522,44.56137905225999,33.76598563141395,49.286252349354065
2023-12-31,42.941550640017525,57.42755996472403,48.406006877782616,63.16492704333133,54.254330394183036,47.517376995765034,36.240540503336696,47.51752871090058
2024-01-07,44.891768141318316,56.10040752625702,48.53663347899086,63.96552344108304,40.94476494546678,48.51250982650464,38.90474783839853,58.21047004296485
2024-01-14,44.9461797671141,54.965038582647836,44.29383192491297,64.28169171348252,49.30173549617588,44.304683834969204,37.87834448468364,51.525288360338635
2024-01-21,44.14001250312398,55.901524507534695,46.066148926841834,65.39007405625651,55.08861970201972,44.400318079638296,41.448839852427355,59.868417911974355
2024-01-28,48.349307504761285,59.35824146171037,39.557118883391986,64.1531482448185,55.632179735831244,46.85563570953272,34.498882087215605,55.30929920996311
2024-02-04,50.80049442520921,56.971832665276345,38.982444641576016,61.712882309652564,53.96026220982964,42.39380375830153,37.58014424404498,54.89375305994346
2024-02-11,51.99526985224517,53.15721926971002,41.94993545849266,66.42609493955617,54.540683609186345,45.58261044492723,46.375232597767535,55.24518234625112
2024-02-18,54.72717572784008,57.563319143335626,39.69210797190516,63.000245695114174,48.045682511034535,50.973942587292335,32.82047013818378,61.569106069970324
2024-02-25,57.07194235593601,53.172584930549434,35.12259990882997,67.51236117056217,58.04275716411439,42.25617951779493,39.50842601450876,48.44334430378227
2024-03-03,59.22185674521523,55.97704230977209,31.738993571503173,63.705239001444305,48.018731805993355,45.531928050325824,37.81402420894941,55.67427782222391
2024-03-10,56.5561244542397,55.089946155410665,33.21745991171102,65.2233076569794,48.45573421774169,44.48801689067793,42.10216314477094,54.16004011214088
2024-03-17,54.91008148713017,54.67564536771539,30.809168093760945,63.51514257653173,54.699221748682774,51.93335738501878,41.91741970026844,54.1558173482592
2024-03-24,64.51691807523902,56.58295665377413,37.168402965755014,64.42737520006348,51.24203393894763,43.90202967119503,46.81085596165807,55.00067178441152
2024-03-31,62.792144137557145,50.63540155147258,33.5152832716227,62.46782471355016,54.04899173479671,43.6258910775803,46.135144841944395,53.4341408620299
2024-04-07,59.561485254316686,52.92158955177365,28.29767201130761,61.32033766798361,54.90241701075512,41.481321076813664,40.55398293947697,54.4054566687218
2024-04-14,63.893310081702246,53.62649382358816,26.949864691150818,62.55932146269174,60.206718487537835,44.07598984591443,44.029210314969205,53.31300383711926
2024-04-21,66.735286008917,49.23673827531246,27.375642004385817,64.87468157203388,54.711990460855915,44.30707948650883,46.91910704069496,48.927714365582446
2024-04-28,69.02003606489482,48.46546840375734,27.801435543620464,58.90698657462011,50.364907924611956,40.270223858417836,50.33841059741165,53.44743778512478
2024-05-05,64.7118308284732,48.84200906223629,28.88989881860842,60.600961287274956,55.398298099447324,45.31616840216589,57.49001731829217,53.84579364647808
2024-05-12,67.09151840122624,49.55914233798837,32.79155073166212,58.59225116805509,49.22288095214729,42.585507351588916,50.85629685461957,49.434698594537984
2024-05-19,60.062495592168446,45.623434160874126,26.75103115168047,59.2396274080229,56.07762765096486,43.759119484857756,44.18659303978442,56.00691050853206
2024-05-26,63.192486657434955,49.130250240861145,36.8634493076855,57.975274122468676,52.5895682202651,39.66756898126757,47.95358109708959,53.74171850923027
2024-06-02,61.74043436006955,44.84830718704027,27.645539032981937,53.28257876500457,53.88334554750916,40.85593713245517,49.043904780135236,51.59864167522289
2024-06-09,63.063515945836514,49.94938152334883,26.858018147779628,56.95280246191081,45.16521776179879,38.99538678172199,46.131398637312294,50.90457542556216
2024-06-16,66.01571078436189,48.15245244275317,36.8798069942594,59.15904517487541,43.359546130842645,43.55743135726948,49.87762394572054,47.8626720883881
2024-06-23,60.94714008172734,50.78157065714095,36.61754021710291,55.49081948375865,46.50966678466395,39.13123867125769,38.59960534519596,50.5907927147321
2024-06-30,56.283704742973256,48.19402315072833,33.04230613941957,58.78105738975087,59.73780838242236,38.461342515476716,49.490790664884464,51.31389781037845
2024-07-07,54.106362324873615,46.220479097758016,35.751765224935895,57.28221832878069,48.49433621196986,36.77299387467121,44.87533737153371,48.51036859394545
2024-07-14,61.55259883277223,45.27910135907441,36.913658486880664,56.56618344189936,56.44532111872693,36.37702789515644,45.760754310415614,43.918132299823505
2024-07-21,56.81316820860636,47.473073029025464,37.24198064335509,58.852863500862526,51.475966813887936,38.48345713734122,51.404750363791585,45.11811956953535
2024-07-28,55.23068420398905,47.124417609617176,34.11519458203535,58.55199811638686,53.70819868035466,40.145218007627875,39.77038452468241,46.63836957382074
2024-08-04,51.448805834325476,49.81499794148849,31.749098452001256,58.23427003978323,55.20743522737161,35.62132570626973,45.123939318721725,47.188272890550444
2024-08-11,51.87714519093967,45.907843037822026,37.85118825558297,59.6798649419862,62.76605207100466,38.11619346103812,46.37792052532353,44.282108849176446
2024-08-18,46.727332310168876,52.18925026006645,47.00661987698842,58.357153646492755,59.41094719933713,38.422799385927085,43.016555483158086,42.738589825349834
2024-08-25,49.50633642260056,51.13394059222601,48.262289378605296,55.00817730105878,59.56074376959484,39.15000933569976,34.98698753970656,49.20299629793328
2024-09-01,43.5387115257527,48.66262900582992,42.99672082696075,57.92649926681073,64.20701172761463,33.22523066615179,45.9415865092053,41.33230921274852
2024-09-08,44.78535770414288,53.1920259350564,41.92675479974054,55.492302466265194,57.52343540912345,35.91088257139875,38.790827036587324,41.911075003898006
2024-09-15,42.83384865513226,48.59071937467278,46.57059024159607,60.86131010424713,65.38516694263058,34.98491269877879,36.63462694967499,41.02451115184945
2024-09-22,34.0057680939471,51.15460125839266,47.89205106811208,61.8051370214357,65.77449133293972,39.633039988751264,36.63583426193058,42.52796907092426
2024-09-29,41.8838877296759,48.79437449558408,49.10699721681874,62.37625776324479,66.77031782296628,37.33175615667328,35.51835223167129,49.53098008215823
2024-10-06,39.51792841877269,55.65313851260281,40.3334742080193,61.95818939845959,63.598305350383534,39.08766078450091,31.502828081882825,50.13393811993523
2024-10-13,41.028635436102675,49.27790977511465,57.86843097832963,63.40299697979989,63.42596838000792,37.569133993054784,36.197943736623714,46.637502781502064
2024-10-20,41.273866592332936,50.29569492891345,52.13684217839142,58.7940559806153,62.58619749866189,40.5437120670588,32.491492731146316,48.97508081121333
2024-10-27,46.35128933976811,52.49359822109028,48.34849762976154,62.19828570458157,63.646278168037206,39.00000579506708,36.982666027343726,48.13118556216788
2024-11-03,41.91412699147253,56.96826320957118,46.84456710951744,60.02906071055865,63.92355891537908,45.27372532609884,35.87218979488825,45.30445500365005
2024-11-10,42.129831409773956,56.760013505813546,51.874005823219356,62.560599761312844,69.67279559238982,45.06536731066334,39.89756394825733,56.28401112302723
2024-11-17,42.9155396965451,55.5797145476622,50.165602019364144,66.8949941048287,67.79558199303065,44.697266165860825,32.23687470452692,54.52490567891102
2024-11-24,44.5152306244984,57.81040616319009,48.581604890957685,66.19551735739378,70.82283796347429,43.94219864617098,29.65803887713436,52.246435412203134
2024-12-01,43.897366053725015,55.92409188004598,49.16956415745453,65.63650627652348,71.31941631302811,39.31055556131068,26.88103065938914,49.39918990686904
2024-12-08,44.16933268254849,57.32213768680203,46.81667984626272,64.20358364541154,65.28179360895129,44.59070385717124,41.524411425612875,52.06667788279593
2024-12-15,46.391611777636214,60.03853336473931,47.60069427886292,62.7828754018505,65.19907780995611,44.18124366014186,35.491839264082174,51.419727508122605
2024-12-22,38.04262483861715,56.43147134072183,47.70531513526849,65.29282263727306,68.56930073244523,47.659376392652064,30.265206616482928,54.5165152396753
2024-12-29,52.77037778906259,55.51079912894686,45.59059808955766,67.23218716003683,66.20336929196986,49.1740408358814,40.09442817749606,55.84241707894775
2025-01-05,52.55251146961497,58.030743428653984,44.38499741540348,65.86474297851846,65.50316171791565,48.626178115745304,39.12376247428854,54.53182400961549
2025-01-12,49.79614861106745,58.54409298547337,46.57462927005889,61.84945391802309,75.43739862955617,51.714196140806834,28.755314752981736,51.78057744861662
2025-01-19,46.329192677322986,57.18560456142082,36.436835284620194,65.14798906393587,62.06833939421904,46.42476638397498,31.68424189197855,63.06802071298614
2025-01-26,55.664611134414955,58.80184384083914,37.631719966877945,60.97340858660896,75.76699671181659,46.434216726528334,34.77424739224042,57.84629803134979
2025-02-02,51.438370502805824,56.15476185579902,38.88468205794306,66.21519176882485,68.2376281718089,51.438634686707736,31.686597411685767,58.89483539438413
2025-02-09,56.60796321278867,56.510011348635274,35.395030448659064,62.97591996744119,70.37707285224917,48.812193554104674,36.291447939058834,56.575539702361894
2025-02-16,52.623071166094256,56.641703505982726,35.1937457423926,61.62280019297855,69.20576268440892,47.488712865503615,40.272638135746234,53.39905781327891
2025-02-23,64.57447934142981,56.050335367278876,39.0771764782448,65.3683519584276,67.45795800477858,53.61464464811142,32.703199804923564,58.00177533242539
2025-03-02,54.93002777819939,58.23686699223349,33.650855357689146,64.4760146612926,70.85887497678189,49.585471770414095,40.15200219189573,57.37393601936257
2025-03-09,60.743735171723365,55.24272836021952,27.561719449546544,63.41369061300352,59.072687527976576,46.99328680766604,44.43774866351808,60.49198275040486
2025-03-16,55.350910255355075,53.355220165369985,30.813748229589233,66.89683544247225,61.941997433517706,45.159719299913604,42.13609060709497,61.03317493140181
2025-03-23,62.658461621464234,54.4525417244198,31.38923204069064,63.32726232966214,58.30001184765385,50.79515130595559,40.97976879017739,60.49868939826871
2025-03-30,62.43995077530906,54.83038508181687,30.574229938432417,60.297232861166556,54.05361300224048,46.98631479632479,39.32065516600137,61.000796742370255
2025-04-06,67.9170224895564,53.76847088303758,31.48355206750714,62.14840773496988,57.30572188103579,45.94716661883414,45.979820715515494,63.230922161645374
2025-04-13,63.86405661744937,53.06493174104935,30.72800329741228,60.06069859218583,66.54325686451998,47.376853717577966,38.55417815949343,58.733944892682345
2025-04-20,69.02717255765161,48.04732139153415,28.514103530161524,62.69625498664377,57.45457393056123,47.4368418919997,44.77074248157819,60.576944842011635
2025-04-27,62.84014478641064,45.49195033110668,25.118791984283163,60.26853486549072,65.17435752299212,45.877293354749305,44.36294999346886,58.45696094968198
2025-05-04,65.19411519086576,52.48691321702241,27.286582245087313,60.03095388542583,64.67565492047561,46.30192672689582,49.14063628441129,50.96388787292006
2025-05-11,65.20677019541513,50.30739115875649,26.79958158915406,55.97800419268479,67.40916967884797,44.42643967543144,42.59411865452234,55.89336823592124
2025-05-18,67.25806657601137,48.921231875565496,28.015270417680707,58.61021260604274,62.15562902821213,44.1680934288529,43.12564947440989,53.46305082671527
2025-05-25,66.48531819144615,49.93607231470481,31.288343178919508,58.038425298785086,63.08479778173427,39.75706200025703,40.24150263616068,56.498051624643935
2025-06-01,66.9921477726086,52.03970054186355,30.90774799215914,55.80963762600428,54.0905027854698,46.85744578463384,46.949137098401636,53.20833977304765
2025-06-08,64.9162982005931,50.70978220342678,32.7771784822885,57.17017292460947,52.86542041727187,37.23364628937211,43.39369874655739,57.22734206625423
2025-06-15,65.24607345789256,49.569359932176845,29.882642907480605,58.2914399164265,52.324578380589585,41.41251955228845,41.42829681290296,58.24416104913813
2025-06-22,59.58388011281016,45.70183964720445,36.39885572244626,57.27253353160776,50.37582681215559,36.07214508460868,41.49784863208878,58.87399963262853
2025-06-29,62.34317296141759,45.86287402356998,34.82786807047859,54.37496512043972,50.24840951365017,39.44069445402386,46.3066141654241,60.16314061663617
2025-07-06,64.80129584686232,42.577190637264586,34.164472325088184,56.62856633360611,51.98311663489928,37.733838958129695,39.249045062363344,50.40625199310333
2025-07-13,53.655280342347666,48.663482577279574,36.723990882708556,56.273114925528034,46.49273802226825,39.63218640060488,39.02291137727899,52.05869340598158
2025-07-20,58.81881183635746,49.732545307792066,34.02456211323131,57.68825977635816,42.29044464646299,40.09556395694267,46.00730430975512,64.75670764194227
2025-07-27,57.99677949687823,50.08527487895595,30.8983705495655,57.62100015304718,48.76960094948381,36.11745452052596,41.03197092380021,59.417579064567676
2025-08-03,58.94355913241505,49.3135808142875,36.59491089279064,56.82994977316346,44.13277099042109,38.886756635145275,44.73484254824363,57.57634863540118
2025-08-10,55.33170063680677,47.976946954077086,41.84773767427972,57.00673764957867,44.21522009926378,43.21747829687858,38.644810948061114,57.60948993540914
2025-08-17,52.06915985502544,47.53889133532419,41.01880476194243,58.345402183284584,45.75308891425765,35.23349562036535,39.21070605242636,58.045718188954325
2025-08-24,51.714960942019715,47.4536571166145,41.50554545239174,60.48346287700995,44.67390102190821,36.81275747908672,38.94895384953213,53.20478846694101
2025-08-31,46.93820843179078,49.26282656801383,40.458711508104514,59.50002205849176,50.52974218653976,42.229983815479955,42.96914506858729,57.55800727723476
2025-09-07,46.779318822152895,48.160731631988256,38.15316998956195,62.207245962406354,45.43951876179285,40.217745110270975,41.739734543053835,60.47837606193316
2025-09-14,42.83541958200449,54.1888836948045,49.230763444852336,62.07296240951364,50.85498948567112,40.83591104861817,40.237738502756436,59.66439663740484
2025-09-21,50.318959564979465,48.658678572431,45.171423256276185,63.266102335268066,47.23259044726481,43.90129375487301,32.242490310960704,61.10158644676971
2025-09-28,46.35466556612869,51.47321004494493,45.236224713244994,63.49010858258482,46.33605070258862,38.952470160949346,29.979619518160764,71.61187576880954
2025-10-05,41.54619031118764,48.60756317313823,45.11962145525647,64.36589903348143,47.687525969041765,40.31837844948837,36.186712625125544,64.2789206327969
2025-10-12,44.55387597576278,53.68579312387274,51.37872985973403,59.42086110007882,42.330847147319965,40.52404996538681,37.92518020151771,66.97119745826924
2025-10-19,46.826741320870376,53.69181090192351,50.60347061139866,63.502115212971155,49.364981115740505,42.00881253655552,36.41169969127725,67.95710109756818
2025-10-26,46.1058704871865,53.56944372793358,45.26037034834768,65.11006065389793,51.99065271925386,47.690882853566414,31.231309968078097,70.06513740674524
2025-11-02,40.297084160500795,52.97804932815875,51.713628895130604,65.91694733188832,53.196853490637025,39.196759713426445,33.593041999924125,67.8919650914701
2025-11-09,33.80597706318471,55.375247404831015,47.696877484216735,61.99582136089671,44.514242663485476,41.34502696854639,33.256436913542615,74.0373102192079
2025-11-16,44.694856445576505,54.7666915111755,46.06779161029883,65.23725168282607,44.577331305315525,41.449529119558235,30.559178443535252,72.53160665151532
2025-11-23,41.31919619226032,56.01881796212216,46.6443252664615,64.41944912258525,49.267435616005876,50.35310628727056,30.52053238026162,68.16350687882598
2025-11-30,46.48151021010297,60.589779333304264,44.664668504987404,68.26605592958985,57.73583996876007,44.88041605611956,30.03278134721122,72.43484823607008
2025-12-07,48.25500477428483,57.341634560051176,42.41220735069021,62.05224085382393,53.87417893063487,46.28530279540078,26.47865174819801,72.87170948452716
2025-12-14,49.6787703554369,58.32081562937513,47.94350037823679,63.491485807895934,50.684625169190426,42.921710757441176,26.979197527793826,73.25457566759893
2025-12-21,52.63674955904606,56.51577953576927,44.08411200531357,61.55749961977952,48.75426005179187,47.430395632357744,27.108924855163544,75.84132738207047
2025-12-28,52.29229379345805,55.99467335114075,45.632276068247386,65.56006807045837,52.59175409081052,51.21448449199418,23.8048607132975,76.50044477086854
2026-01-04,55.11196842182683,57.564084573102704,43.59387171382636,69.83268053853931,53.05218837961257,49.71115127308493,31.150552648138042,76.30426858080054
2026-01-11,55.36192238519558,62.59139638019472,43.26167220448511,65.19215225932562,60.49089449464138,48.901489059531194,30.878131271452038,75.802754809782
2026-01-18,57.04686475061578,56.90985369734234,34.3101962266543,65.40083391475271,61.4389357137856,44.735052510775034,34.62599793504925,74.9484010165601
2026-01-25,53.9909554190428,58.03795682015672,36.645086054482185,66.16054251198807,53.77147164865809,48.57968810856635,37.226415904798365,68.01884571391955
2026-02-01,51.73202070630283,55.420483098084965,39.73309426620553,64.63424313259826,61.50057680139661,50.06574429177765,38.14411525507974,76.46584906282548
2026-02-08,64.53325092651109,51.264375252664784,32.980141115038876,65.35398750186279,61.53576968769368,46.63806979939036,39.231627623941264,75.14028293987919
2026-02-15,58.7406467770987,54.8328910769922,36.721038608561116,65.11346633134004,54.58137793953687,51.4943825610639,31.276466240831056,70.15321725026816
2026-02-22,63.6613828364331,60.7570323459115,30.26183738951895,62.30137732877613,59.25037845122642,52.03028685336229,29.34840612626408,73.2777749747372
2026-03-01,59.685853571452576,56.7211043231053,33.36710023004641,63.42916556382528,61.14953465265035,47.56633400230376,39.58297431226171,73.61262056265639
2026-03-08,65.50854428841077,58.30546426232577,37.09932371449661,64.69275854115558,60.552942573093375,51.0424159107834,42.17229051459085,74.32842040926126
2026-03-15,56.46258192376966,53.78757996534874,33.627573763586945,64.63057178129634,53.08408948785911,48.18833494840341,43.639179438854576,71.41410396400678
2026-03-22,63.63079880505035,49.20291611392447,24.882669675966795,64.91426596953879,60.39038105768235,51.55702723594041,40.102219048067234,69.84928563327665
2026-03-29,65.50057314054702,51.11526539435173,32.22027555401201,62.518018854586884,62.265157224358674,53.76777571383002,30.886246413891886,70.66938542646903
2026-04-05,67.97329861275406,53.53404952208834,34.50215442365665,62.08157142248888,65.81111295095076,43.89261941441913,40.99889108085246,65.80820242829289
2026-04-12,70.43626894202829,52.62254432059628,36.915885603631075,62.39322300940795,56.51273846723506,48.95647764585269,42.36362207932321,66.82780580299071
2026-04-19,64.40887304422166,51.54257408540573,29.575809038145547,59.23319691570714,56.62925190580594,50.01147201992598,45.68787532223205,62.56879331022575
2026-04-26,69.97241105593726,49.936477539914705,23.82465148736339,58.69502234785155,57.533268911170936,42.61564238022112,46.85940183718853,66.5908576819572
2026-05-03,71.80000092991023,52.33581551338765,29.134033934073287,59.28151159651613,59.03325218037597,43.224637995344025,45.1567257931138,57.25720205645976
2026-05-10,75.11024123743942,48.94698291834229,32.67601205404385,56.57270561396717,57.706410111289,42.61318530403577,39.45599810561448,63.37229889006489
2026-05-17,69.97118576062523,50.100020449121416,27.52931728648856,59.56131091043663,59.14486127903758,43.405077962953825,37.880123463771724,59.83093729959645
2026-05-24,66.0816769677813,49.458102589209716,31.56416434179352,60.50912107965214,51.605147819674436,42.18287904612547,44.2248067259516,61.55991362470974
2026-05-31,63.09017833651374,47.9680757838073,26.396630746834823,56.69797724674867,57.05063484031348,42.13153037561592,38.910339558297736,55.248112073188835
2026-06-07,71.68341328431958,46.64012776965483,30.64222110044398,58.7434742771577,51.841138479996964,44.74864125117873,47.869510546055864,56.83509184898255
2026-06-14,67.55415478483205,47.31025861312701,22.78615397277858,56.42167292737436,53.58344431074948,36.09695154313755,34.93835697257468,55.78062569753722
2026-06-21,64.29154500414883,51.742534478265235,28.2427672720819,55.50808172630594,60.34616052357959,38.46076599422038,43.71266014837658,56.00035184380093
2026-06-28,58.3973220781084,50.12135135604209,32.01099059084289,61.570286591127115,47.29939944283548,43.044864899161325,42.31633207854242,50.72983456686431
2026-07-05,59.263126211831114,49.910777462563956,31.957698087833,55.43053372796552,51.183791094064766,42.40604831759658,39.71382039113095,55.035563039439175
2026-07-12,62.66921951083227,46.3435282159601,30.23209864674741,54.910525867432085,46.65302843041678,37.34929220447276,36.259110139978745,46.930113376945314
2026-07-19,60.49328704382842,45.15991236693596,33.772874762869534,57.990663524406415,51.86353594878731,42.04939676378075,31.05475339791331,49.896647172542835
2026-07-26,52.207445486164524,50.417907218090164,37.43359834285075,58.24697798617987,55.00186717254691,44.26705649996906,36.45073848282735,46.739938629884485
2026-08-02,58.53783766950548,50.292254392633836,37.376317238669316,59.24764017976704,51.11071728002232,40.12792045660347,35.737529479370465,53.5394054981052
2026-08-09,50.52825049227622,49.07957862389681,39.00817951216582,62.17052064344517,49.66040043274189,37.31257256331807,41.4091808446916,51.98247013166061
2026-08-16,57.91023923435605,48.446366483977556,42.19406305213276,56.91669737692633,55.213511860097725,43.095153681812484,32.96378709689242,51.97921149784282
2026-08-23,53.130409100204474,46.696497400325946,40.10656076822559,57.660635691089006,51.07635883453331,45.84405507948554,37.01483921604243,54.96124511386458
2026-08-30,49.8330575892269,51.844477155101224,46.299765369593445,62.42035200768908,52.97201098065946,38.289298961415255,29.131040786232816,49.62475966260449
2026-09-06,52.993686056558154,53.00865436971298,40.272834269007326,61.49935484283649,52.581029547380815,41.4028368923818,35.31723601454708,52.53022309571222
2026-09-13,49.983025966447805,49.83879070780493,49.96023424158652,61.66674312735332,38.32878513878478,44.95291316380554,23.553988941248406,51.1229315231053
2026-09-20,51.91265384746189,50.25822247708297,48.35422337319379,59.35299995183514,49.72767387295996,42.48046285368557,40.01895050242506,50.9795418190114
2026-09-27,47.325620449444855,54.869440448740974,44.6768453173999,63.264629719803196,46.00760466836214,37.39278726731996,30.242667688502227,55.55591486135127
2026-10-04,46.79098579137863,51.71627107421302,45.486604143838846,63.10636564036206,47.36999626945331,44.50663729613855,18.845543875285877,58.35732481949052
2026-10-11,44.9640537899813,57.17080381698937,47.45536920168935,62.36622125726002,57.03044123393922,40.81554965581863,26.427143490074922,51.36332860356677
2026-10-18,46.21759961918887,53.998474805706365,48.97543096387644,61.297407036683246,50.14971332968301,40.541253881580175,25.137775830458846,55.767029368935475
2026-10-25,50.301346150191115,54.02990102147938,50.665733566680906,63.14681065694703,59.80153683377924,39.78907262576598,25.435840411279216,54.88444119030508
2026-11-01,43.651707489816864,55.45383186264561,43.41822625595475,66.6758664651416,47.240857838529635,49.171221879497025,26.103242237232173,55.62508278522341
2026-11-08,47.231358958815264,55.11706026492772,48.664416607164284,61.60932348171725,49.22697784662791,43.72354944422433,24.504417687899736,56.11122622995507
2026-11-15,42.94736744186352,58.62803806389933,40.769875416872374,62.58289249683624,57.34177332155267,47.8465868621814,23.577758969744785,55.13118553659849
2026-11-22,39.85960873473967,58.58417402000627,46.2132609693477,63.27343812254306,53.68861993524063,49.18488772695089,21.996306073318245,46.1482355134489
2026-11-29,47.31690391327181,59.37113191496994,50.59629776789447,64.01029315155513,57.06608926487224,48.509072829664426,29.807157695732343,62.28155392056042
2026-12-06,48.595409879684354,57.88631960965418,41.34201156228109,65.05535072957079,56.18077269452098,49.45503607357767,31.315580342258606,56.35728030843744
2026-12-13,48.0877172136193,56.86237221681035,40.03739412361603,67.20720702714547,56.8529151296679,50.20875755340246,25.585111985072487,58.46097269116751
2026-12-20,44.994573188793716,57.94658107227479,44.628611881051874,66.36159549853913,56.988949710797044,49.93184680079168,26.724339701072996,59.23849865951057
