date,oversized blazer,wide-leg jeans,cargo pants,ballet flats,puffer jacket,slip dress,trench coat,chunky sneakers
2021-01-03,45.45866921311254,44.057454483059686,36.31182530186577,40.70364971065604,78.61356099213252,18.823880612387807,47.59786194309179,54.00153241437901
2021-01-10,42.24502894720488,40.38323272080322,32.58627182476818,44.76636977275314,73.37233757464561,20.56017770596015,44.366903557826625,60.98933851660523
2021-01-17,48.35943957278818,41.703964530391175,33.29815579826543,48.72462515643803,79.46557847712462,18.149554694260132,43.260141598557595,60.316323474276935
2021-01-24,49.58556507632291,38.396540383984195,40.549114929703634,49.363115565264366,79.23989394822743,17.92914641441855,39.4930260942248,58.74100629553243
2021-01-31,41.470542639264195,39.465288352133925,31.01765578995027,48.237063407682896,70.06458947724295,19.61930380885224,45.734227722536154,68.39878566302913
2021-02-07,43.873591420896396,37.06782598621166,25.53742304677231,51.062244083010235,70.79959197478168,21.88991545842519,47.600065561723085,62.22321162457369
2021-02-14,48.51105574891034,41.94148795770381,41.56845706717783,50.62875335409955,64.86576783591072,21.922342140858962,45.159209869637046,62.53931277525362
2021-02-21,47.4129432157538,35.172992326017344,45.18739302385509,53.45277738246354,62.05624097090267,27.757480195891134,34.8142746352309,55.458259789087094
2021-02-28,48.429596527487334,40.71811551627959,33.16620306646872,51.34765270806904,62.96163072287219,31.531722593265705,40.79243503661538,54.679033725879925
2021-03-07,45.922539210064045,37.3967827769293,26.77256716698754,49.96379211454249,57.06385514309648,26.83479531264237,41.94051265904679,58.2675457300436
2021-03-14,51.005728463997535,41.02212976078889,32.95061783607173,52.50571595037154,58.83504453345273,34.07407861871232,35.50409774994549,58.21564441882775
2021-03-21,50.47350574777126,39.250945998456395,32.6657214918413,43.08333057123958,48.55330256389123,35.85524799987473,36.53414737972518,49.46777816675485
2021-03-28,48.00174029791123,41.90956779519561,32.62062836956675,53.30524993113751,49.38190858976376,40.132719090993305,29.725019038473363,55.51535023003965
2021-04-04,50.74559454805666,38.05821805914128,28.455063692531454,41.39372364304203,43.11277031024662,41.70118369568924,36.237702014753275,55.61897173277063
2021-04-11,48.23061401213065,30.54709931457222,34.721269005118586,47.249609777783746,41.74918741795662,40.01100912582221,32.109320811695845,54.01940333691549
2021-04-18,43.62710387728641,34.4491404813054,33.969607822582134,53.75426792150934,34.716831866697085,43.17777671775478,35.93639856455789,50.94375494933668
2021-04-25,46.61077032611338,30.520758340683617,25.345060921999387,53.709180733782745,32.80938108541058,49.5695782416907,30.865089424320736,51.36528095087765
2021-05-02,41.86113757389137,31.87926648717583,33.561786926779554,48.56782735837811,29.759823614879338,54.97025254419944,37.55837976120781,52.15953879049614
2021-05-09,46.5521900003097,37.386055977574955,38.418056526506945,49.60188605393565,25.0365062103296,47.49486231495642,39.548065718441556,52.599584234221346
2021-05-16,42.904747581421596,34.21426240043048,30.34626300831045,55.44251002709799,27.29672862693556,57.24587822070224,34.824654024130616,54.05884259654649
2021-05-23,41.609706351540204,29.694820233876833,27.7776749165133,49.38748484247968,25.38706624713879,61.636102475627155,34.60710327771549,55.40781152859951
2021-05-30,39.21721136700981,28.29011195123404,28.053371282151073,57.000619544894526,23.730176804154254,59.2265674210418,32.524458973460526,49.4000553650355
2021-06-06,44.02333057434586,31.027281789602178,30.610703334218464,49.63069366758905,25.482642438971368,62.69064005244994,39.283982437000596,48.30045588607029
2021-06-13,39.001886240095615,26.94241635649468,20.796700286767155,50.16717073495018,24.56676818076729,60.00115009638572,39.52854013262997,51.483342565871176
2021-06-20,37.31817743815614,28.313843013891,27.9950090710537,53.05285740479357,18.875165930452592,62.522621385542514,37.89168311844541,51.84829845221634
2021-06-27,36.72581397378979,31.075930958541242,25.448224872680477,47.81829099859316,21.33789073236092,58.47685467523273,45.23726829748583,47.4084891798342
2021-07-04,38.61240958540957,33.500285203763774,34.134019923558135,43.61672481971486,19.000943409443803,56.446970074743376,43.90364869134218,52.118029537374426
2021-07-11,37.411350931353276,31.84003117208499,25.843227851353095,45.48081764491713,22.019578667781225,66.12789263383301,43.4227921240643,52.758341364623895
2021-07-18,36.930111856131965,23.206131474205698,33.07684135734782,44.88941102964247,21.637070883047116,59.84573520019982,46.382722946142536,53.96320149214442
2021-07-25,36.44859209258094,31.146846942502453,21.9264928383817,40.1005653933824,30.170694950598463,60.62377380406883,52.635701588239534,55.93857453974903
2021-08-01,41.1412946143751,30.69044981514142,28.69903666721117,42.650269576679776,28.635772005895852,56.72070580456003,52.564069475776094,45.45925423193518
2021-08-08,33.16062503618482,32.04157340000559,27.709056684674643,40.45036151370131,29.452232868462882,55.25573594040881,51.636599880029756,49.148312709064
2021-08-15,32.61573731550666,36.05589289103436,23.109101921410613,44.75662004444421,36.53891331363446,57.305723359480375,55.07409201616843,49.37019145700636
2021-08-22,31.597010888308876,25.502381974223834,27.51950324512069,41.4519770148702,29.546458609300707,53.739966898890565,50.82473602972933,49.22515198501446
2021-08-29,35.887938370087674,30.47562523540008,31.952795219060352,39.93203751535959,33.319545604128066,54.95133742206953,55.3792392802343,47.367335030355484
2021-09-05,37.54524604371626,34.643983018935295,26.164913853385315,39.970567146876675,45.2080460370326,52.88152504190169,56.56777338218329,44.417428253419935
2021-09-12,34.05062333130663,28.806828321251242,21.10959566246544,40.55117387564603,46.56530493669242,50.04385645390961,55.41596278234234,51.16710192389717
2021-09-19,32.21940100073972,38.70950811189792,28.279135402886237,41.41532890027143,50.75133890078227,47.240746987111606,58.67656992009723,48.193552926595665
2021-09-26,32.72290871608239,36.15744051584676,25.259983887174172,36.344270592009494,49.63691209770404,48.625111580412764,55.41000144517927,52.10739560155271
2021-10-03,37.707908297768526,38.39385797180487,28.06202038512562,36.0962749834498,57.10976879607565,38.01721869286534,59.491968612505,49.101142431927975
2021-10-10,38.641677827207644,34.96394893390267,29.700624486046838,42.51403764620759,66.64867484248009,38.383388435774144,59.65557631459387,48.40136661662263
2021-10-17,38.78448348772513,39.95129106989863,23.825812814500143,38.04402726469943,66.41429402070065,39.31312484723251,49.111026847085455,54.2598768427842
2021-10-24,35.97895581294067,41.54863474949905,24.82468324144067,35.212881000227014,67.55106203736311,37.15231191307833,61.122218919642975,54.44026442866377
2021-10-31,39.55870291217561,39.864528046136854,33.8632673421021,41.07632442935141,68.57651801690905,26.650799267003375,47.927297216166714,56.65015232049641
2021-11-07,40.15322471259609,40.67083200035131,30.491808616597897,41.51191723852559,71.27160388952485,27.685509246946964,54.57732523117014,63.54707092588934
2021-11-14,41.441549856165366,41.54936875010779,22.962600954155512,35.99696716697429,68.30192230920963,30.58566480630429,58.70185049349715,56.34948185849916
2021-11-21,44.410006609838824,38.87835268616879,36.982400581645216,41.828869909193116,77.33660203235976,26.137000855832966,53.73026880229589,57.57594035946049
2021-11-28,43.490806605949885,41.70614990872371,35.528094881315795,43.97489066959955,80.58693660600801,23.54014404477888,49.208913951480916,51.672308425386205
2021-12-05,45.881063024551054,42.31349689166953,32.14482443750983,43.58670612800069,74.40139654126972,20.90691335532542,49.13556577562386,51.12728956732278
2021-12-12,45.057304135466865,44.47808478842243,30.253292446971006,45.112882246977804,77.79701554602116,19.298239883797642,54.20739530348708,62.83859791535938
2021-12-19,46.70425691886099,46.81220889465014,39.335785326112855,39.804958496430004,76.52760610329973,20.503937205897827,43.99074505286451,52.98116209369386
2021-12-26,48.671735057253976,41.044489210177254,37.80732181971,45.847910814975684,76.88521263851533,18.38328239488936,51.70876127433675,52.59893280125569
2022-01-02,43.293171078304006,44.17062381359758,46.29768925900235,44.808383959801404,79.28869940324726,18.83226413686667,46.68113386593701,56.64714868562406
2022-01-09,47.52613774784415,49.23061988756524,38.74083560832682,45.14162952382607,71.79728081559702,19.336200888187925,41.772814008672704,56.39923034649045
2022-01-16,47.8172068769432,42.7092353135623,38.83552165217832,50.07542359004644,78.40649208466748,17.525065431146356,42.104214620028046,53.0335183447171
2022-01-23,47.96757101424125,42.53950319271736,36.77083265005601,52.76303318203559,76.95108118661074,21.926030782565185,39.32653900524439,55.23481621227786
2022-01-30,49.61868509678449,45.59256948004989,40.78710346880317,54.54534437309883,71.70201468102229,30.142701380875636,43.543416958065166,61.11258408402749
2022-02-06,55.3855949199448,47.41325302756846,40.028885175482884,53.90748581882409,62.45155421727023,17.423395032361327,41.7706053647633,52.64330569293885
2022-02-13,48.650923002520855,44.72701432060124,42.47160912139104,50.38725068222754,64.0526865239275,25.344801112805712,33.12573963759799,49.900229392003595
2022-02-20,54.38771288652909,48.41478496667291,35.24478953887794,52.4700190967646,67.64040096362115,23.950731252845788,35.88175174555246,58.79292822445468
2022-02-27,46.5530339261865,46.66144643672619,35.3856502364902,54.34004385255044,52.30416376909035,30.034783304472317,33.42831403491396,56.48480093895613
2022-03-06,50.599241982313536,46.214196150114965,34.943506645820364,52.95442090915398,56.136899692046185,30.695762635020664,38.95472351465423,51.478249251061136
2022-03-13,51.97879403191663,44.89073798435922,39.69576062557146,53.45048474330711,50.076098072257906,35.2442568071916,30.22423033778222,47.03494779571117
2022-03-20,53.02282013994332,49.70129833330087,42.14411105239091,55.90637309442645,52.4137109047545,39.00157511520007,38.442492401830066,49.75453100945843
2022-03-27,53.06269534665069,41.55214425565708,33.884961761058584,53.53874478390457,44.358557735909926,38.645456387687425,33.04881397233656,51.85776057404071
2022-04-03,52.87103690276159,35.57532710952581,33.549520949046475,51.7111013095654,44.03239213358011,44.09615686524253,29.351690291683088,56.06537176081189
2022-04-10,48.9113188448273,45.79598316608336,35.999333330691876,52.73658080249242,41.05823464623121,36.29891328425108,30.66817744797217,46.57367210052137
2022-04-17,47.950286657028684,38.996901707129524,33.22853232138618,55.8606932518876,41.566982357877,50.69630150807433,30.332636988517997,49.69923707267749
2022-04-24,51.214603125366516,40.080421251497164,37.470898013836184,53.84557259558223,32.34923176703922,49.566493970612804,29.12484298484086,52.0640003181418
2022-05-01,47.3048853728288,43.082758068856236,24.09789083752381,54.63574362940292,31.234453361643986,54.07743985219844,33.61428566696615,39.181906204299636
2022-05-08,43.236968596175366,33.76559205456802,29.240496411055805,55.30842990617904,23.089511117484655,49.43779719356084,30.190781040085948,52.21152881153676
2022-05-15,42.80966353018094,34.266719325418975,28.868756342716427,51.76636267256277,28.88172471307154,52.67638883648149,28.033094983061556,42.749873977518476
2022-05-22,42.57076279259533,32.707777708256515,22.185551515242746,54.66831972808712,21.154792686189616,57.46505134219854,34.278841609402264,48.25236868262377
2022-05-29,45.9286014097282,34.668855180478964,27.106830362305942,52.96838641806075,20.26725022717432,58.594531381648046,30.98395951185681,47.40417885758747
2022-06-05,43.975396692037386,37.96784532902438,26.829051802960528,47.49201396638367,20.805002092670808,60.849238328400595,35.226740435023565,50.3034262363871
2022-06-12,44.74826516417931,37.88466033307638,29.254968090720723,54.82997657786511,15.530080741038834,64.32390282186903,35.946013269664704,47.776417395308115
2022-06-19,40.55601679618482,36.8760863840664,34.129309825785604,48.259999978027004,20.686310086786815,56.5450590374646,37.331093139412125,35.735756819653005
2022-06-26,41.52092848526798,31.621604892210414,28.36983806576905,44.019923620457355,23.121132595833416,65.22105244530911,47.28110133331977,41.846173924245775
2022-07-03,42.189997152664645,28.824038785545753,24.959464990649664,45.048625633028365,21.750546947710312,62.46484572987378,42.82279453844483,45.34927614692285
2022-07-10,38.726638631384525,35.89680751158282,28.652100621719605,44.30686451796503,17.18282002690138,61.64824964678355,44.786113026985994,43.90008045552085
2022-07-17,40.452317873684066,34.38467189908499,32.94198539863704,46.712763194185335,23.06489134741472,57.34737428021848,40.11724527403699,46.54689854853682
2022-07-24,36.62073073864538,37.33190407056151,24.7776203650546,44.933238833348376,27.536570732128773,62.45950334420973,44.859898570539926,47.82275713554856
2022-07-31,37.149278078843494,38.300209974107496,25.047700464324645,43.967269887780475,21.910711256969236,52.597709011277516,48.80116653433496,47.198725732291635
2022-08-07,36.84152633535708,36.93462684006356,31.005651466630653,46.096043692141066,26.882022211323,60.390827083376585,46.3530913257862,44.075620101516094
2022-08-14,34.271475195078516,39.2076631022083,28.03914645000115,44.56317285646003,35.58768841030988,52.31091895334525,53.34096549132781,37.7797326260498
2022-08-21,39.322237387546835,38.09973092698328,31.73985754953342,43.85628500424729,36.868591141278785,55.04907221914993,48.09938214118645,43.63552126372523
2022-08-28,36.59008323650903,39.55912962777779,29.38813270482459,43.56991013478837,40.59776813510418,52.41991791610168,51.82303057045769,47.46985930135184
2022-09-04,38.310353808011044,36.47724426194558,32.60673526348532,43.69751694275113,48.399014494243204,53.99252422684455,51.7676514707972,41.8378872561423
2022-09-11,40.12861985920344,38.73277727811868,26.07713380426977,35.1179477950952,47.7895579278589,47.50534200789412,54.71843428598427,49.16148306026746
2022-09-18,40.578049274780014,40.59198925770825,30.641048108394678,40.03157154440871,51.97366403129953,43.402528930889275,52.84872469665869,50.74054875385653
2022-09-25,41.92320951805904,43.23395610399703,30.36691621469903,34.362777084549215,61.74833698931467,41.33199887770351,54.33862092789981,48.11088958374558
2022-10-02,40.45299684207677,40.39288249760094,26.907820455470706,40.88921766170701,56.538056254355254,43.998648306263995,54.6541162138427,35.8621971334738
2022-10-09,40.42738361028453,43.9602816856644,26.11306379823903,40.74610108332696,58.24449832042058,39.11708394192557,53.196836727826096,43.527646549152784
2022-10-16,42.52738878214971,42.43248362425387,35.73141787035483,43.97763470568267,65.22508435605444,33.71816544110423,56.71778809466799,56.70744003550094
2022-10-23,38.88570239763743,43.71059357954755,32.22350717168482,44.586310456180996,68.35891549010134,31.60935322517068,55.666466933624896,47.49042714932427
2022-10-30,40.88940194639878,47.374451111797555,30.185879075462232,41.9132114459592,68.31353357138524,25.17455894328077,54.20435307646547,42.23645154269669
2022-11-06,42.63612285049743,39.708448209092744,34.53796804956276,40.18072458823683,69.35813138646847,28.74799817446922,52.53409730745265,55.584605413459926
2022-11-13,45.0636951602058,42.568922048038324,40.073654517351486,43.60459627638161,81.61904924307993,20.19185439561611,55.41543848228387,51.133746099830475
2022-11-20,50.76981015086611,42.741832288058475,27.060074519302052,41.11667185082935,77.54421118076037,25.828152937742153,51.37462624661067,55.89537524703487
2022-11-27,48.41800231165341,40.86788758989985,30.792063868402096,43.32396343798438,75.85363113635621,22.300219727813378,50.087380035411734,52.930388441732966
2022-12-04,51.59697039748954,46.456271168561074,33.64878312902579,46.9819557237642,81.87604542962036,27.68082283435115,50.130847050438256,53.94915587431696
2022-12-11,58.242661763079646,51.29620489454516,43.70533827070628,43.103623757725344,79.4538307682576,16.10923599974796,53.61643811343778,53.79931711912412
2022-12-18,54.889082986360314,48.67808395477154,39.46291898427252,47.99480170842974,79.24135566104651,18.291293743504962,43.13419002044682,55.30503446111108
2022-12-25,59.765215689669894,50.53346770193804,41.819219409879445,48.446994456064004,81.46808483868509,23.495267872611997,48.03135865061676,61.72443088135465
2023-01-01,56.31086687015085,53.53330339468869,34.54669170233355,44.411867786820274,75.2526077180865,21.494168920874245,38.566926679349564,56.52756971432702
2023-01-08,60.00113820034992,54.489311641391396,34.92203460532744,51.0716823846522,79.10836889231396,15.971768615103112,43.40181947468588,46.27864272861786
2023-01-15,59.2025103760392,50.45258619582158,41.416131790440666,51.11945579790177,82.30254519279156,19.191182301747205,45.97880831976232,54.270190431605876
2023-01-22,62.383241156822926,54.78701091329651,40.01192885058439,50.19098731213087,76.08804896340163,19.29564073016613,41.24421760195122,56.86063215954313
2023-01-29,67.16568180488102,50.98203087985864,42.05544055165346,48.4352638352148,71.32668613378264,21.205835037811852,38.85661659110895,56.84588443957166
2023-02-05,60.588897338576004,48.08790278463011,39.11867043078395,48.94544414857967,68.37236390593914,19.618313642385075,35.29197352906556,50.00086019602965
2023-02-12,68.06820433217797,48.62953509732306,40.9186194967597,50.663465496409025,65.81092248189938,23.064802332133567,35.7763646406918,55.9746971102208
2023-02-19,68.3279716418588,45.7062936576669,40.30473241007549,54.59964199756144,63.17980712716971,20.397144392872356,33.73633965490039,54.57352333906032
2023-02-26,66.52740319800262,47.14666292782565,42.581847965133846,50.73269973499351,59.50472701300127,27.667945927518794,31.05994119815273,60.6456830390829
2023-03-05,64.5034478709726,48.33468588522149,42.43351043613544,55.463423807115205,59.92840425185044,30.866152235302557,31.604566762851526,46.80031678866174
2023-03-12,69.41998829180675,51.359143538522744,32.40178779161389,50.892925592937296,48.41647309803276,31.236434247132514,32.269671174040795,47.17401355461714
2023-03-19,67.80310134579763,53.60064852576056,29.51505843916521,54.382907945481364,52.58600015123641,29.589902713919386,28.728153882183104,47.34854824137287
2023-03-26,70.10176389985745,43.7410847761241,42.08800357824071,55.605535985704385,45.244840016912626,39.99378862293728,28.12985272883333,45.95568972128268
2023-04-02,69.30626532935123,48.4843763905051,42.370816593132126,62.79435255386312,43.95137342845937,40.7535751139784,26.156763198046825,43.68260040222221
2023-04-09,73.71098751339129,43.58158826405934,33.04728469036738,51.4080530334389,35.98088965812134,40.11376167251415,31.272175078266688,35.50929797730503
2023-04-16,67.68615007437579,47.51409126538961,29.181212311306037,59.935005818156775,40.044198039235276,44.04314327381204,31.773463296724533,44.13851870383086
2023-04-23,64.67402549598366,45.083519966404886,36.49933660893171,55.846119963944204,36.694962478580976,42.899299306590265,31.04367952359693,46.68085391736183
2023-04-30,67.47484797208759,39.381388536732075,39.31302847612476,56.408629452845794,32.98509183002636,46.727679401629175,33.62531656596102,42.57408818276369
2023-05-07,66.65439400231533,47.077261652450254,42.28337964154284,55.21323591973708,23.000413227486362,50.44399038901402,31.53813060340366,51.6579088738976
2023-05-14,69.00892600565342,41.926658829311194,36.69244587696232,55.7850675158413,27.79784723638849,57.813960918137944,33.1502264213734,43.37317951720767
2023-05-21,66.26971424035396,41.629910804492404,32.72072836329546,53.498519924111655,24.65088449331083,54.06872628710179,33.729383298859474,47.92850292953257
2023-05-28,63.58206270895426,39.562006816686164,30.27771272123715,57.75400915205795,17.13369897803986,59.52628602764672,33.51790804285582,43.30312791006437
2023-06-04,65.58168046087283,40.40608568091073,33.61818445342515,51.387039794443936,20.798853325906002,57.345083955785874,33.290757554837185,45.11070991010475
2023-06-11,56.25913596408453,43.315768126722816,32.19501917206893,55.45976592084413,21.31233724415817,60.77420002163474,42.71577978285049,42.52968608746821
2023-06-18,56.513759370503486,41.19953082327152,29.267718503660824,49.38913284865868,21.668225821469452,60.37653347694174,35.98888841592902,46.560057314187176
2023-06-25,54.255580641510804,42.565888550734954,41.59404501801466,50.36445411080904,20.75051787790495,63.87876503043542,36.680578895188,41.04904831339934
2023-07-02,54.48345147881543,42.560114657230216,40.76450118420826,46.527869104916604,21.745439727760584,59.795565985344325,41.355589307286444,42.620938461864874
2023-07-09,50.17568895807445,45.415731721996174,38.56434329573547,50.295071161042564,26.370346896196835,56.50201048014986,42.20556324588501,41.98533173460017
2023-07-16,54.91847604235757,40.49164154740686,30.92060668578516,52.45162110899235,27.11442096013573,56.57487288928225,38.63206552023288,39.32331379700045
2023-07-23,51.125930438929785,37.24317330487448,38.808837082394724,47.082721810524546,16.709319161842085,58.31472485725086,47.58982273514189,42.12522018856845
2023-07-30,46.24842346666848,45.116016345159636,38.942536045280775,45.94710869459053,26.592361890353917,55.05285265233647,45.27267491845792,49.54246377136365
2023-08-06,46.585602422920516,41.245438027595746,39.36479555453565,42.45308690648984,29.612367170144275,58.63628109669911,43.49388477887805,39.69113210335219
2023-08-13,49.6602089392734,45.99104117981288,44.018038481761806,44.41566881222498,27.70176187988438,54.349931965189995,51.5831293038355,42.682940241944706
2023-08-20,50.44759231881719,44.28222814418547,43.191774187900954,39.689758613149856,36.34085401338383,60.9725181313768,50.98449861367801,46.32856206262227
2023-08-27,53.27122847827967,43.29552292036336,45.43169637013816,41.16179080264581,43.108126705955385,46.52428064267406,46.28850300220947,46.20539983257315
2023-09-03,55.510367960658556,45.35759173269412,47.007200690300024,44.08947107707182,39.560826492601514,50.054809321092314,56.25735491149705,42.08654193722167
2023-09-10,47.64285837798471,50.844649199991956,47.945207079331205,46.958847413651725,47.39310240840993,43.6174484444188,53.6018644129371,32.942829327951706
2023-09-17,43.205695176154684,51.95260255489865,41.66473934246776,51.112518884890605,47.252529568110674,42.96474059317823,52.13960656534984,45.013786839381176
2023-09-24,39.69499386531876,46.700514083143105,51.39876041494934,40.70365202280493,51.600364336620636,42.23606538563873,57.32195822597795,34.565524644069995
2023-10-01,46.94922441719295,47.77467779422587,51.100390007672694,46.64693835124994,61.61165083113679,32.163885875377154,53.24039984066557,49.83706552248831
2023-10-08,43.894151512601155,51.345500390867215,50.40678421006424,43.051257441204946,59.010473150940584,37.178671384747,52.7157507746879,45.15789548477305
2023-10-15,45.397471693552795,46.41301690169797,64.33760733308276,41.947294941074496,65.32833262834491,39.54377777249627,50.681606141110684,49.00137948076456
2023-10-22,45.23141530233208,50.7824311993867,66.43813293111344,43.8811906331961,61.428288053751714,29.91837758995848,54.09685312703386,41.90813376871358
2023-10-29,47.17136664519597,50.52830544186378,66.64682859275835,43.050635752241966,75.4806324314085,29.615513785453608,53.30000381419691,39.802994542012456
2023-11-05,51.40646612780843,52.349353956627866,63.64942255038609,43.57299499726419,74.26327978405251,29.617340651290768,51.26951272750766,47.5266333967835
2023-11-12,49.36894461078985,49.67823261441439,69.14407931173588,42.48411345026439,74.14201644885891,23.939441018621523,48.05584732912108,46.78590997383121
2023-11-19,49.17050444320771,48.139686000460024,64.57123715761998,40.066095783405736,78.29032029959598,20.789882974641337,49.871918540551434,45.3494499865753
2023-11-26,47.33162442969608,47.369785641470884,65.76980547429743,40.25726578474819,73.82102899371901,14.047145739174315,48.19807554160314,48.001198863786556
2023-12-03,46.23415902982363,50.858912150057776,60.67232373349384,47.543281422725585,82.67584674803953,21.402939593814303,43.21635400457128,59.024662897597324
2023-12-10,50.630144031692886,53.39187734054394,66.38352470077523,45.50683752543648,78.80931189645231,18.030137431734186,41.511241010552666,51.52538231774227
2023-12-17,52.75378170100252,54.373161393972964,64.46893242340042,45.34949909173373,79.38779145485469,14.521228462462378,46.25071878093974,52.553075636880344
2023-12-24,59.02456605506431,61.47179094340103,58.16123003944768,48.00030723015655,78.30629937804515,17.440194900675895,35.31612302629562,51.83045665334368
2023-12-31,54.881870209521956,59.3036310142782,62.06166415683666,51.22103999695962,77.38630031454481,15.128958929581458,42.26267174394766,54.40139294589903
2024-01-07,58.16006975783092,53.33997989556344,60.63493666128787,50.2510918290792,80.13449911544768,15.435126376496235,38.715750826738535,47.67971330839702
2024-01-14,54.372287013515745,57.423125357352866,66.66955359267172,48.61559195186435,77.33140131990899,19.298153484952984,42.57829965757587,40.10449913978909
2024-01-21,52.89941911689276,55.225018535537345,61.465194837072374,55.124088516959745,76.64476040101883,14.234495426949337,35.6978074010877,47.38036455510622
2024-01-28,54.0583760649092,55.57255939043603,56.27037694454416,57.01979071824263,72.42893837667631,22.461913293850664,37.723193998245286,51.122024053413085
2024-02-04,55.18411126434765,56.87607440435864,55.52318849597407,54.56673217027493,71.43327918045541,16.481296460984332,33.18258041176139,43.66807854780575
2024-02-11,64.05068768132578,57.99024950484544,53.010478152733924,56.75744376115036,65.78539617015959,20.304659315169978,33.42446749968456,46.44945552751096
2024-02-18,55.400605743499256,54.8501277437099,50.35879610412781,58.25773859812699,70.63089068554171,29.920140100902255,34.10303769387061,43.935474768846255
2024-02-25,60.47008144274374,58.72261908722968,45.231657839429865,58.54987318641125,55.934355361984586,29.60463985684181,29.430203872973053,52.2037302985765
2024-03-03,55.224223874799826,51.70292127101757,47.418869247250264,57.55318459259347,60.96228189931567,28.76890219252341,32.863858262771345,48.63815179528204
2024-03-10,60.59466650389941,54.687405667473755,43.58219112153462,57.973233320797114,57.719822759822605,28.057101838560513,26.093434060842036,47.64977834279469
2024-03-17,58.71210201736782,61.95136021205013,40.19665529120728,58.1140954188374,47.44352358210323,31.80723846557402,29.31358361545016,46.89942968769656
2024-03-24,56.73856072080898,54.27686855013104,45.96392835599786,53.54457969834123,53.07172042400826,36.208018978139975,30.71661735925094,43.60758131122927
2024-03-31,56.63658320663388,57.325537505543856,44.293904274892625,59.12113158926513,45.80700092020927,38.73256969701882,29.61760598619436,43.872908531386635
2024-04-07,54.250911368929486,52.69778061605157,34.47730209392614,53.03255808662034,42.27527040919273,40.9791941767392,33.249334630206235,37.659261677870724
2024-04-14,56.924210841496105,53.55233128598938,40.109781515487064,54.69516375331122,36.14237139976455,43.752447072073714,25.24717555889137,32.971548683721124
2024-04-21,53.515725040572725,51.02643033529,43.63603281230791,60.86728792540662,32.30637912340929,45.718182185820396,23.611250436841612,41.643746199942306
2024-04-28,50.433328854144456,50.08288327078205,43.014586234399204,59.255774186880494,29.478093771657328,44.43797357804284,25.146799762289664,41.68293658987591
2024-05-05,49.45243444958522,47.67392348756854,42.073366990662656,60.880387048630055,28.716269343825534,49.467892201602936,30.655855391806796,44.59344241348267
2024-05-12,52.939413337479365,50.75256504461005,37.3829255739635,55.19586391019372,29.51404284829202,55.832570643257995,30.867962412084246,45.445019530673704
2024-05-19,56.26693461332033,46.39699995205578,33.167413837761636,52.06282871336741,23.980261883987964,50.84223356711085,30.524641000889034,44.88438064879182
2024-05-26,51.10399804510247,50.48801975949552,31.595422740343228,54.23054701647455,19.21518185002569,55.99697851504261,27.823656953789076,34.105351885969
2024-06-02,49.36279187682097,51.344796524311135,36.75378083842784,54.622547118839826,23.34502666437339,55.46077077805806,34.5838249192133,36.23602053073264
2024-06-09,49.685179183993604,48.85169102634975,36.401182416979324,53.86002835332643,22.982186016242764,59.324408627273456,29.79920760252315,39.17405705525946
2024-06-16,51.88280936981412,46.62851764541366,39.607284629191064,56.28327564556785,21.96397858534336,58.5948204401727,38.22159010262025,47.05253749754164
2024-06-23,47.801568957711645,48.6617992818136,38.49897488795082,51.021398375002555,22.45523049663333,64.65177622508119,44.65052729796889,42.5856877277254
2024-06-30,45.14358214384173,46.26832992880445,33.280557578817294,52.35986017719603,20.058961086745015,61.87974946257076,38.55291327665078,40.95404427750325
2024-07-07,48.994525909011614,49.98038813180712,28.614395630994984,47.524118551696176,19.16254521804581,56.24418573282557,40.599324406973246,34.80884817780284
2024-07-14,46.33864697525492,41.74578174735463,32.169562778805044,51.02719507234418,20.831738938481372,61.694404018214236,38.76786085637718,32.78365710488924
2024-07-21,49.123730680660756,46.386924651055736,34.24389977807649,48.884116000544005,20.40409427781671,56.54640177029294,36.19114800819025,39.5009224464027
2024-07-28,44.62629396089281,41.661913110071694,32.57038904676784,45.84832577584871,28.25552338950481,56.029043450238014,41.14710055541974,32.04227372963548
2024-08-04,40.06663309434488,43.47472005320589,31.14543717608837,46.64944970916907,29.855973903096384,57.30710210998183,40.94799234122896,35.65897446781273
2024-08-11,39.40810842687636,52.45885053552246,34.62032845327743,46.11101953333626,31.638094484476163,53.23199420057383,41.075763231528825,36.38596887452403
2024-08-18,48.35119780729753,51.537651750553124,31.81626267795845,45.21767600430316,27.191448365651727,55.4872659302664,51.674551724876466,43.50909461563572
2024-08-25,48.57105678880065,47.25049481111902,31.611791040643382,50.77444848960537,35.61990097964135,48.37389424354527,48.30071653213052,36.06559749695732
2024-09-01,42.97981298006749,45.52375368243254,35.72670203175297,44.673774931820766,46.183052025582725,46.547070127188896,49.46486913256584,28.12267771205375
2024-09-08,42.6029323904764,41.81802500608811,33.28996121482463,43.83011948989551,44.390021592150916,43.99219483429143,48.09840521224976,40.33416273043103
2024-09-15,48.48422289486912,49.811174443939485,36.34609142106177,37.95253342837167,51.08177503297056,41.70802836926111,49.05158166489467,35.99088815237162
2024-09-22,41.23522846668069,59.473615714487,36.98266019417228,41.340785222079205,49.44404411773389,44.06938163226055,52.844953855830624,39.45394577631319
2024-09-29,42.43195739626207,54.31875882866559,31.893765028397333,43.111817607944566,61.49558637570442,39.98638888083089,50.065495133091,39.45049779535489
2024-10-06,47.70190078021251,52.15806306031959,35.122066319898096,41.82244197147008,60.206063631111974,40.558024896419134,51.7920818140742,39.22518401672891
2024-10-13,45.33120768482048,56.06524062850091,43.41956055679431,48.10616066144701,64.81181635076364,39.5979879973715,49.47449359564161,44.00404572841543
2024-10-20,47.32011933464651,50.8203450225486,33.65901585952606,43.64859395182898,74.01928177757974,27.14654138926725,48.724843136916476,35.225118808026934
2024-10-27,47.73188787681222,55.43392389763242,30.488391716738846,48.29021904915685,74.44300004899202,28.007347597018985,45.049452415419395,39.78496753539524
2024-11-03,50.175885849022656,57.42606174130243,32.15530795125764,44.98692172257862,71.53562558127184,21.97397462198434,42.69222512073713,45.059767512688374
2024-11-10,54.367921131084344,57.64003707679947,40.358020875541015,45.38079644800914,72.90985542219862,21.058483735457738,47.04112068752468,40.30398463227831
2024-11-17,51.42746184704443,61.00080684545717,40.986695012920556,45.554035419664785,75.58704573503766,19.602516009468832,47.05161905403291,36.720386454124096
2024-11-24,54.11181675294118,60.34267162815293,40.988173205034855,46.45953014717882,79.58018202599204,16.662890327924732,41.949081788763195,46.17677511388244
2024-12-01,47.053777382629185,61.93604254335059,46.877083445349264,52.29993178203148,78.81258212002895,15.28430561693413,44.51335236566999,48.287297851234435
2024-12-08,54.0683702668481,58.42278634866966,31.84927576084378,40.938105615439966,78.5955337879312,16.896789525360113,43.48793575349677,43.847299297694015
2024-12-15,52.66714838782287,63.6661823791509,44.59628934041214,42.69312855738622,84.40154375212713,12.869124761467633,35.48723462633228,36.351698819548936
2024-12-22,52.481346260916226,66.26690829898446,49.675672187376534,47.90527785681874,79.43863654760813,18.546785647255714,37.77641399301216,47.11858807392552
2024-12-29,54.390060915192684,58.795202345602064,39.276157093625656,50.43982688402545,86.02702180189351,13.08673938774746,40.26823184427028,37.68399284481151
2025-01-05,56.842610970645914,59.28316627744464,42.56085517837358,53.340313274292015,78.32271497181897,24.40911168013198,38.71117618818722,45.515197107392666
2025-01-12,61.33579362942624,66.1073530089607,41.293141424023226,53.56301835586968,81.91963595227047,15.085126663733657,32.592535087736856,40.613689071521634
2025-01-19,55.26469278463709,61.59222128450315,40.88116018893187,51.85247191137117,75.7614742449416,17.425695586672028,35.05355618004852,39.3353519440624
2025-01-26,59.89554268972173,66.35711508075599,43.234951981195685,56.899365289023045,75.34420416488139,14.393943882231243,36.21196303157102,41.947441145108314
2025-02-02,58.807621645669975,60.71249032043594,50.258485505823614,57.73364841376459,67.71984659267075,24.7526302247225,34.10454081244748,42.65408990255701
2025-02-09,59.6245152589213,66.2178728827314,51.83425578935216,55.94862672093279,64.48066473417248,24.611265582644513,30.19736567818436,40.41808632792249
2025-02-16,63.84994447030287,61.9823606457783,43.00632431338907,58.979831325146094,65.32081302635812,24.002049130910855,27.8885991611376,44.89736685371611
2025-02-23,62.57434631199753,62.025750958994706,51.76752098457854,57.53751102749409,63.60380633867199,21.142167925575844,26.329837568943315,40.25133577736865
2025-03-02,64.97386531571514,65.5428900144545,44.02222523743082,55.58643798090694,57.30023943462806,28.068090848210936,28.677652958005094,45.40108722034307
2025-03-09,60.38401750202507,59.30307704805443,50.567317847670274,59.83164269657247,49.75692040240861,26.47439934701247,27.05983961159014,42.00830852279278
2025-03-16,58.53230210669285,57.05497274448776,42.797418692594505,58.44695306653393,45.91922490113199,36.742121176093775,27.71801710608162,37.46279560882746
2025-03-23,59.61207175471759,57.98193669817017,43.26455503784226,58.40061226224582,42.10249038578162,37.37577722994241,25.744319630250832,36.13281878610863
2025-03-30,60.57136130104282,60.102895837654756,43.73051375079099,62.9978228352551,37.51766373255513,37.86631711546315,27.493785361865687,32.33269820508686
2025-04-06,59.837806060777545,53.4459428649904,54.47843915268316,51.30738361437974,39.69030946706526,32.90267997587511,25.1837775988731,39.40293271146728
2025-04-13,55.43181704925449,59.44241270795336,44.636720620817066,54.38590960820767,39.43343660381105,39.8546966783491,27.291559659218407,36.13896640971796
2025-04-20,58.25598731874952,55.30046596561484,37.85362528147081,54.95538144285925,32.917810237290986,47.38459090973542,27.761166501987283,27.394639566308157
2025-04-27,57.902470366776654,59.75754399647535,44.00099148110345,57.20533175609149,23.32507598076264,51.36256086013242,23.116225197100576,34.08411607370973
2025-05-04,63.94926120894777,48.549589763043386,38.11998645038604,57.21436767027438,26.972396173863412,53.30493386256182,20.650095551549228,31.992248022761355
2025-05-11,61.16505914814877,52.82196364242489,37.05942094695738,53.04891011793646,24.822087033292483,47.272659474573146,31.404672177319792,41.30238663502686
2025-05-18,52.08456339036804,49.61220706591076,42.121381004355776,54.12410114026524,29.72431548108,54.81189338020292,28.387847214083568,27.633272261222793
2025-05-25,52.877849915353565,51.73257565146338,38.10572649086578,53.92933357211487,17.578098980678895,58.57219069910923,23.449070414622096,28.172043060208285
2025-06-01,48.44538055244705,54.55193321430023,38.62397992439145,63.248725503345774,19.699712669420848,51.90502586762386,27.54176454756998,37.92495924295452
2025-06-08,50.173353643809435,52.934416928288805,37.1353275962572,60.58828804754784,25.33629181869208,57.92664379295941,33.18894481258426,38.5197725015898
2025-06-15,52.02997591443096,52.44713113923669,38.04377876556624,53.20698595624383,21.349935024039645,59.542247178298496,31.3057108620909,29.78498703167036
2025-06-22,53.87977548631468,52.54234792974733,38.06994426027632,52.57445977909249,21.908672997607642,58.27730147561699,31.942027770591906,29.976947621634096
2025-06-29,47.30823051291999,53.524513817303514,28.354852140912293,49.416144770222374,21.21549878829006,53.763514433796395,39.05620541787501,34.78139721572298
2025-07-06,46.832579413870306,49.868138629582354,38.56620946101107,46.32560876032419,22.939343335409344,58.162500899936,33.10813856084853,22.891600812218762
2025-07-13,41.73004692541525,55.080548922697155,31.837213233548535,50.885602678987176,25.769147821239265,57.65880369260807,35.25198008979936,24.71168089148751
2025-07-20,47.148131311216055,55.10174466656812,29.932259087272087,47.44123440025502,22.88202506651204,57.386140125435865,39.65594739659545,31.06235730946689
2025-07-27,44.00910855919563,54.50946290841198,35.47635502456527,49.403214195716245,30.178853291591555,55.029618288095406,41.52662344067209,38.484481051089425
2025-08-03,45.27155177641847,55.3495028721413,36.12737964276754,44.1163202485632,25.98731120211954,53.996608589936066,43.11570716754744,30.709799519066983
2025-08-10,44.00188312608882,54.97651784850671,33.171266254580615,45.93762339795114,33.9431615165599,53.5481176127233,45.550491094480705,33.08882783747233
2025-08-17,46.2355413444579,60.67731671283126,39.49404621724482,48.03402267822293,36.59452772854591,53.09606229620668,44.5032077609341,37.51260334940053
2025-08-24,41.2468148259301,54.867652997815846,31.094019206250316,48.11905355615411,37.512974124147625,48.744144139515456,46.35028079486843,41.75192564190861
2025-08-31,42.2371932710426,54.83001439555151,35.19230567544148,47.781528814970464,42.75247424539628,46.134962999858985,44.94817861277863,31.41228237375098
2025-09-07,53.26020679667647,54.17102877854094,34.89794971941248,42.160340867956414,44.51627913434364,45.198369629699215,46.61356721754865,34.089037244847454
2025-09-14,43.35760231469459,54.06487295600388,37.52303762743867,48.36894349160879,46.78489601941469,36.60219683664069,47.29279745238587,41.91519645015869
2025-09-21,44.385995059410384,54.198955314941564,39.345133404933186,43.182772188212084,52.55525618281871,41.16291234729649,47.99659621656973,29.03462457779649
2025-09-28,53.74686965781468,56.067714074581886,34.75981234128698,47.359611625135535,53.86750402251164,37.05831070863111,49.88012591192492,39.74764088093866
2025-10-05,57.60711552235238,59.34473877351184,42.284106274612235,45.40808397014542,61.606539003555845,34.50727361417562,49.265437045834496,32.08673787055495
2025-10-12,46.120318847597616,61.39288538549313,40.260431151901,41.391875384079775,60.49143867885602,34.63725830845713,47.595157497877196,37.092572869689235
2025-10-19,49.35073515578667,61.37664625718841,33.079531585475735,44.75481416427407,69.17787347090783,23.340245894919526,44.7239238542895,36.226102131836676
2025-10-26,52.36688127647138,59.74928815343618,33.46063423841186,47.0809775273934,66.34924254343741,20.834588605460226,46.873208686413115,33.86097803240774
2025-11-02,57.46925383687649,65.54818301431509,41.89340622955937,48.20070396185132,70.75643769838999,25.283987107885135,45.94141895315128,34.231208149585754
2025-11-09,50.30490345041481,65.83657704916546,41.69770905029235,46.40614924641115,72.81570575216415,22.329950953317,45.80535113016349,39.7059811906708
2025-11-16,53.53987302013108,63.86944355812088,42.789343980914126,51.97576143460543,80.53912095622077,20.963294369811592,50.901704899474424,42.97777060385471
2025-11-23,57.63201272818521,63.06998751545063,43.68668603409798,51.03067370527411,79.04135711741222,17.407973724822266,41.636153563265864,38.82360892810148
2025-11-30,57.62859166544242,67.296348251516,45.2625630916965,47.93358442368266,78.49305311514834,19.393028458349168,43.28364401814997,39.91537196440114
2025-12-07,56.20605710061014,66.77182395782025,48.67121173059718,51.70730323210445,81.27742454615078,19.087559189894243,43.93206426625816,42.151976393430225
2025-12-14,57.91537020279214,62.3483543756741,40.908134137185264,56.05914624626682,73.67842295801094,16.93122689848144,39.64926438680861,36.14860612137523
2025-12-21,55.13309795124022,66.89615668815927,41.0820329578651,56.97624415233616,79.65186545401889,14.197919394629057,44.935323328967165,43.09347912078194
2025-12-28,59.42999674192525,68.21175834077945,41.753984696716515,48.27224359574524,85.12079705619584,8.476931837156789,35.312322287869456,43.44091675872926
2026-01-04,60.1658187958995,64.96716888512506,47.57574788210189,50.050400666528525,78.44752679977047,17.2481133939542,35.92226766696014,50.53450519500164
2026-01-11,62.404595654247565,68.38953017851232,51.624498601716034,58.1585131219888,76.76742027710429,19.06446601527962,31.057142602257198,38.499127608251946
2026-01-18,60.6978892706922,63.52178578881497,45.07318661753223,51.39036649749996,76.33390111573632,18.10331789687281,30.92363782311943,37.98238188045775
2026-01-25,64.3382637728611,71.87420920459282,36.87320062336138,51.43461080942269,75.14213817507608,14.601040153526826,31.29154308667957,42.63094469972206
2026-02-01,66.41827739494279,71.50394741129078,40.07257292004876,54.74447981220925,63.90127966855435,20.61573813134281,31.71223412239798,42.5036968039146
2026-02-08,64.19382252241381,66.81518415101037,43.49256219594621,58.21713335554184,61.994962956561636,22.794352664120048,28.840507541296862,36.69457071596144
2026-02-15,65.01694021798204,68.39826620887916,44.45916566344622,57.34466848785228,64.5725690345716,26.747750262099764,30.469872649114688,36.769903033135314
2026-02-22,64.2394660427336,59.74129859162699,44.85372561924714,56.32788437598093,58.49351692558363,21.51424579923073,25.332975090168784,40.040136644076135
2026-03-01,64.08192417205868,63.099692968648775,46.37424382139196,56.80824967608207,61.11554571528642,25.71672646140466,23.677688019759128,34.009986770717134
2026-03-08,61.802860438779874,65.22705171993054,44.64556841756571,57.16118098633434,52.670577238004036,31.040508638494593,31.986483013999635,35.081479908158805
2026-03-15,64.68961272650324,62.38193996798206,49.707971733377605,57.03658481282107,44.196407792860626,31.487285599988162,24.412518036101122,36.45139550468643
2026-03-22,63.11178840998521,67.1908187701472,42.3762545109303,66.80149135381053,42.57985784180836,30.55621022822906,20.590253552951733,39.420333060726826
2026-03-29,69.24337585394105,70.45778357796934,41.15934402231669,61.03149533224304,34.57150201248155,37.783848855080045,20.354702224079144,32.344288936558456
2026-04-05,67.14815069279453,60.333375923244034,46.01852658929454,62.88027716321422,38.65947677687527,40.90779186706256,19.471960256405975,26.71046215187731
2026-04-12,62.96252092359586,60.73760978774442,37.42901004173332,58.73172971432961,35.49315245689383,42.02883330331919,25.147201578393712,25.730926728650534
2026-04-19,58.81534634476494,63.34312502339784,44.58145022255663,59.51872269042422,31.684669468719637,44.94006229647556,21.455566312207647,27.685769411737663
2026-04-26,57.00055096039993,66.8674544597735,42.87521273490507,57.71445175468684,33.34295736986542,45.90779207990576,23.31189251474447,26.814304691987594
2026-05-03,63.090267955606905,57.785247740125094,41.317546639050704,51.583067174814865,31.140237064417075,53.3722612352336,23.28400166884666,30.817941105301525
2026-05-10,59.44277298974189,61.648769334658226,47.711526107159244,54.996859230712,24.799318753122037,48.30662193015949,26.36867083309891,26.084155651953804
2026-05-17,59.20472365221742,65.85550807205239,38.33814578360847,53.20771919725652,17.032238227973124,51.105274171472864,22.477638743294694,27.4733668695112
2026-05-24,51.62624203907741,54.97598660601742,48.56257682187747,51.32250727383074,23.801357460914343,54.518601590243016,22.765811242681416,26.68110271921631
2026-05-31,58.73802200263195,55.68572789043591,38.947950469431824,53.85037630422377,22.537826162744167,58.476894647473266,27.756114960770926,27.563049227139754
2026-06-07,56.42873570034261,57.92127698525555,34.31132092891511,60.717929242451305,21.14690848752921,52.41823782879551,30.076199789574463,34.22273719782645
2026-06-14,50.871868850416305,57.36549860751451,39.317124583123814,55.868925706184704,22.944439247924347,53.749829734076805,30.542338294782496,31.252709144294997
2026-06-21,51.967640201300014,61.17770640714844,34.40509986925666,59.09690093697644,16.724249487675262,52.02640970695303,28.4498508412573,28.40980857397376
2026-06-28,53.40663363922031,59.35932825490621,35.435696480479955,55.656704492489894,26.898011635773837,58.37808567575981,34.2860143632103,26.312350507186384
2026-07-05,52.07241912914237,53.288860576485284,39.8280519866349,55.957676477145476,19.071229460011942,54.74467777853756,31.41841721871306,26.307069373507915
2026-07-12,50.41540045722055,60.22623120870244,40.32761926747024,50.093552252299,25.683988012006218,56.44706965331939,33.48182422870471,29.307441509317528
2026-07-19,50.445664268652884,57.101130093344715,35.5527848284927,53.56664321256509,20.248440939950218,58.77449190875426,33.58992739728463,30.36196720627889
2026-07-26,49.56041966015367,62.89769074626741,41.9996205801856,53.40390849292531,24.753883493056726,53.75540440202208,41.65873369046649,24.494448762170517
2026-08-02,50.43755759482409,57.51713993457674,42.76148666159427,48.74699591899256,34.655426192952156,54.97949111789057,40.92694268760729,28.438642894190878
2026-08-09,54.16694137957105,57.89741799677404,44.0304979391229,51.46216788473041,32.175358129062815,51.729222736509065,42.03175708781048,20.398602395879593
2026-08-16,41.93835368442167,61.91549163705163,40.62757241507581,50.846704668038925,38.57807265408532,52.7450414265868,45.0491061623169,29.66430139582687
2026-08-23,48.92944920647095,63.13771495798419,44.25643472007674,46.93176689941207,40.07271955488168,50.04280863012943,50.72007672276937,32.21298367663076
2026-08-30,50.28786627133291,62.81556214236383,31.63688695863547,44.72080764193144,42.505655603372695,44.24810869643916,37.9981280789934,28.43940175882071
2026-09-06,50.880447429652875,57.09481956745863,38.30582006463063,44.12942282473272,50.47545056713836,43.37535225473449,41.61034256520718,37.26249212434158
2026-09-13,49.22412631455281,64.49576428752214,36.58136568350231,47.62440292696648,49.290023526044216,44.4561748074878,42.5216696597014,26.942021775043116
2026-09-20,45.52618644733857,60.549446522721595,41.04657971085378,48.12443688438558,48.273886084969234,39.871937576379416,42.19884294196454,31.833183339775257
2026-09-27,52.34011552399305,65.15993434903945,38.84558726299421,44.643460389939875,54.7697496527715,31.829113826746585,41.7297567463655,31.33401761205954
2026-10-04,57.19396465712372,61.00557661227086,41.06234419698839,47.0797560239783,62.29172179738107,35.315047217897,44.101040807833904,31.598809330226352
2026-10-11,48.15343451932521,67.44896644262917,49.877121199378415,48.792648989729074,65.12822248040064,27.46122351836495,41.21269534330844,32.06539472925761
2026-10-18,56.16696606724531,64.5234233686098,42.30843741304185,49.11797942201354,62.34076765122835,32.396231694947296,45.55642891172486,33.46499844147567
2026-10-25,53.476638954281164,63.91799003494378,45.29016926876084,52.20052666156956,67.72065218899927,28.7883867345602,44.22528987651083,36.92485940906748
2026-11-01,55.219187866173165,70.70908973170242,43.35360608157966,51.752750317021665,70.71015839752627,24.292231999669788,44.868558302129486,39.51456080531779
2026-11-08,53.2267791535877,70.06327259729284,45.22443147326512,45.38523864047475,73.59310719446701,21.783000049011072,44.148991745638654,34.43132275563913
2026-11-15,56.392338040889754,68.22645807620822,45.56709115695696,53.99118339141634,72.4359400037916,18.78566677215359,43.49114953833326,38.096877579890496
2026-11-22,62.320133784096846,75.10227249650796,47.931912124111456,47.97521187864727,76.16537395620401,19.78992680453969,39.487245088417886,32.37548595578836
2026-11-29,61.19225916800569,70.04910722431737,51.36155387584447,53.398165210245175,76.94242306700295,15.247632927243226,45.78020716867486,38.53874114037321
2026-12-06,65.65146013053028,72.02422621727476,53.81018928161728,51.22089767384687,82.09586600222737,15.956352272840569,38.829971413971556,32.659314032958086
2026-12-13,64.96907476327337,73.21947649695505,48.93103406849217,50.58131765533135,82.42736393297074,17.055083116185205,31.167804386636078,40.23772095777961
2026-12-20,63.695045413138835,70.96109965372666,50.46810687361069,47.2316997706623,79.34383484867519,12.254985139266042,32.31466073415206,44.81727259670322
